"","artist_name","artist_id","album_id","album_type","album_release_date","album_release_year","danceability","energy","key","loudness","mode","speechiness","acousticness","instrumentalness","liveness","valence","tempo","track_id","analysis_url","time_signature","disc_number","duration_ms","explicit","track_href","track_name","track_preview_url","track_number","type","track_uri","album_name","key_name","mode_name","key_mode"
"41","Taylor Swift","06HL4z0CvFAxyc27GXpf02","151w1FgRZfnKZA9FEcg9Z3","album","2022-10-21",2022,0.733,0.436,10,-10.489,1,0.08,0.258,0.000573,0.157,0.0976,96.985,"5jQI2r1RdgtuT8S3iG8zFC","https://api.spotify.com/v1/audio-analysis/5jQI2r1RdgtuT8S3iG8zFC",4,1,202395,TRUE,"https://api.spotify.com/v1/tracks/5jQI2r1RdgtuT8S3iG8zFC","Lavender Haze",NA,1,"track","spotify:track:5jQI2r1RdgtuT8S3iG8zFC","Midnights","A#","major","A# major"
"42","Taylor Swift","06HL4z0CvFAxyc27GXpf02","151w1FgRZfnKZA9FEcg9Z3","album","2022-10-21",2022,0.637,0.398,7,-8.294,1,0.0564,0.0573,1.03e-06,0.101,0.0374,108.075,"3eX0NZfLtGzoLUxPNvRfqm","https://api.spotify.com/v1/audio-analysis/3eX0NZfLtGzoLUxPNvRfqm",4,1,218270,TRUE,"https://api.spotify.com/v1/tracks/3eX0NZfLtGzoLUxPNvRfqm","Maroon",NA,2,"track","spotify:track:3eX0NZfLtGzoLUxPNvRfqm","Midnights","G","major","G major"
"43","Taylor Swift","06HL4z0CvFAxyc27GXpf02","151w1FgRZfnKZA9FEcg9Z3","album","2022-10-21",2022,0.637,0.643,4,-6.571,1,0.0519,0.13,1.8e-06,0.142,0.533,97.008,"0V3wPSX9ygBnCm8psDIegu","https://api.spotify.com/v1/audio-analysis/0V3wPSX9ygBnCm8psDIegu",4,1,200690,FALSE,"https://api.spotify.com/v1/tracks/0V3wPSX9ygBnCm8psDIegu","Anti-Hero",NA,3,"track","spotify:track:0V3wPSX9ygBnCm8psDIegu","Midnights","E","major","E major"
"44","Taylor Swift","06HL4z0CvFAxyc27GXpf02","151w1FgRZfnKZA9FEcg9Z3","album","2022-10-21",2022,0.663,0.319,9,-13.481,1,0.0375,0.69,0.000993,0.117,0.193,109.957,"1wtOxkiel43cVs0Yux5Q4h","https://api.spotify.com/v1/audio-analysis/1wtOxkiel43cVs0Yux5Q4h",4,1,256124,TRUE,"https://api.spotify.com/v1/tracks/1wtOxkiel43cVs0Yux5Q4h","Snow On The Beach (feat. Lana Del Rey)",NA,4,"track","spotify:track:1wtOxkiel43cVs0Yux5Q4h","Midnights","A","major","A major"
"45","Taylor Swift","06HL4z0CvFAxyc27GXpf02","151w1FgRZfnKZA9FEcg9Z3","album","2022-10-21",2022,0.696,0.396,2,-10.289,1,0.0656,0.401,5.2e-06,0.125,0.38,120.041,"4D7BCuvgdJlYvlX5WlN54t","https://api.spotify.com/v1/audio-analysis/4D7BCuvgdJlYvlX5WlN54t",4,1,194206,FALSE,"https://api.spotify.com/v1/tracks/4D7BCuvgdJlYvlX5WlN54t","You're On Your Own, Kid",NA,5,"track","spotify:track:4D7BCuvgdJlYvlX5WlN54t","Midnights","D","major","D major"
"46","Taylor Swift","06HL4z0CvFAxyc27GXpf02","151w1FgRZfnKZA9FEcg9Z3","album","2022-10-21",2022,0.643,0.363,0,-11.738,1,0.0767,0.69,5.17e-05,0.115,0.23,139.865,"3rWDp9tBPQR9z6U5YyRSK4","https://api.spotify.com/v1/audio-analysis/3rWDp9tBPQR9z6U5YyRSK4",4,1,174782,FALSE,"https://api.spotify.com/v1/tracks/3rWDp9tBPQR9z6U5YyRSK4","Midnight Rain",NA,6,"track","spotify:track:3rWDp9tBPQR9z6U5YyRSK4","Midnights","C","major","C major"
"47","Taylor Swift","06HL4z0CvFAxyc27GXpf02","151w1FgRZfnKZA9FEcg9Z3","album","2022-10-21",2022,0.751,0.502,7,-8.763,1,0.167,0.2,0,0.296,0.106,108.943,"0heeNYlwOGuUSe7TgUD27B","https://api.spotify.com/v1/audio-analysis/0heeNYlwOGuUSe7TgUD27B",4,1,210556,TRUE,"https://api.spotify.com/v1/tracks/0heeNYlwOGuUSe7TgUD27B","Question...?",NA,7,"track","spotify:track:0heeNYlwOGuUSe7TgUD27B","Midnights","G","major","G major"
"48","Taylor Swift","06HL4z0CvFAxyc27GXpf02","151w1FgRZfnKZA9FEcg9Z3","album","2022-10-21",2022,0.798,0.277,4,-11.096,0,0.39,0.173,5.25e-05,0.121,0.163,79.846,"1xwAWUI6Dj0WGC3KiUPN0O","https://api.spotify.com/v1/audio-analysis/1xwAWUI6Dj0WGC3KiUPN0O",4,1,164801,TRUE,"https://api.spotify.com/v1/tracks/1xwAWUI6Dj0WGC3KiUPN0O","Vigilante Shit",NA,8,"track","spotify:track:1xwAWUI6Dj0WGC3KiUPN0O","Midnights","E","minor","E minor"
"49","Taylor Swift","06HL4z0CvFAxyc27GXpf02","151w1FgRZfnKZA9FEcg9Z3","album","2022-10-21",2022,0.696,0.559,7,-9.19,1,0.0693,0.0618,5.58e-05,0.0887,0.433,163.999,"3qoftcUZaUOncvIYjFSPdE","https://api.spotify.com/v1/audio-analysis/3qoftcUZaUOncvIYjFSPdE",4,1,194165,FALSE,"https://api.spotify.com/v1/tracks/3qoftcUZaUOncvIYjFSPdE","Bejeweled",NA,9,"track","spotify:track:3qoftcUZaUOncvIYjFSPdE","Midnights","G","major","G major"
"50","Taylor Swift","06HL4z0CvFAxyc27GXpf02","151w1FgRZfnKZA9FEcg9Z3","album","2022-10-21",2022,0.406,0.306,0,-15.48,1,0.0517,0.785,0.488,0.122,0.122,110.014,"0A1JLUlkZkp2EFrosoNQi0","https://api.spotify.com/v1/audio-analysis/0A1JLUlkZkp2EFrosoNQi0",4,1,247962,FALSE,"https://api.spotify.com/v1/tracks/0A1JLUlkZkp2EFrosoNQi0","Labyrinth",NA,10,"track","spotify:track:0A1JLUlkZkp2EFrosoNQi0","Midnights","C","major","C major"
"51","Taylor Swift","06HL4z0CvFAxyc27GXpf02","151w1FgRZfnKZA9FEcg9Z3","album","2022-10-21",2022,0.642,0.62,8,-7.091,1,0.0666,0.0734,0,0.483,0.0969,90.02,"7KokYm8cMIXCsGVmUvKtqf","https://api.spotify.com/v1/audio-analysis/7KokYm8cMIXCsGVmUvKtqf",4,1,204852,TRUE,"https://api.spotify.com/v1/tracks/7KokYm8cMIXCsGVmUvKtqf","Karma",NA,11,"track","spotify:track:7KokYm8cMIXCsGVmUvKtqf","Midnights","G#","major","G# major"
"52","Taylor Swift","06HL4z0CvFAxyc27GXpf02","151w1FgRZfnKZA9FEcg9Z3","album","2022-10-21",2022,0.337,0.156,0,-14.919,1,0.0518,0.964,7.72e-05,0.115,0.39,176.655,"0wavGRldH0AWyu2zvTz8zb","https://api.spotify.com/v1/audio-analysis/0wavGRldH0AWyu2zvTz8zb",4,1,188496,FALSE,"https://api.spotify.com/v1/tracks/0wavGRldH0AWyu2zvTz8zb","Sweet Nothing",NA,12,"track","spotify:track:0wavGRldH0AWyu2zvTz8zb","Midnights","C","major","C major"
"53","Taylor Swift","06HL4z0CvFAxyc27GXpf02","151w1FgRZfnKZA9FEcg9Z3","album","2022-10-21",2022,0.662,0.357,4,-14.064,1,0.154,0.553,0.00129,0.0837,0.124,125.966,"7FmYn9e7KHMXcxqGSj9LjH","https://api.spotify.com/v1/audio-analysis/7FmYn9e7KHMXcxqGSj9LjH",4,1,191039,FALSE,"https://api.spotify.com/v1/tracks/7FmYn9e7KHMXcxqGSj9LjH","Mastermind",NA,13,"track","spotify:track:7FmYn9e7KHMXcxqGSj9LjH","Midnights","E","major","E major"
"187","Taylor Swift","06HL4z0CvFAxyc27GXpf02","40zKHK0aGM4PITqPy5vfQh","album","2020-12-11",2020,0.392,0.574,7,-9.195,1,0.17,0.833,0.00179,0.145,0.529,81.112,"4vWTULAbqJAgqBqK2CxSY9","https://api.spotify.com/v1/audio-analysis/4vWTULAbqJAgqBqK2CxSY9",4,1,214706,FALSE,"https://api.spotify.com/v1/tracks/4vWTULAbqJAgqBqK2CxSY9","willow",NA,1,"track","spotify:track:4vWTULAbqJAgqBqK2CxSY9","evermore","G","major","G major"
"188","Taylor Swift","06HL4z0CvFAxyc27GXpf02","40zKHK0aGM4PITqPy5vfQh","album","2020-12-11",2020,0.462,0.24,0,-12.077,1,0.0377,0.92,0,0.113,0.32,171.319,"31GDi81xN4cOa73EyCBRLE","https://api.spotify.com/v1/audio-analysis/31GDi81xN4cOa73EyCBRLE",4,1,244000,TRUE,"https://api.spotify.com/v1/tracks/31GDi81xN4cOa73EyCBRLE","champagne problems",NA,2,"track","spotify:track:31GDi81xN4cOa73EyCBRLE","evermore","C","major","C major"
"189","Taylor Swift","06HL4z0CvFAxyc27GXpf02","40zKHK0aGM4PITqPy5vfQh","album","2020-12-11",2020,0.512,0.462,9,-10.491,1,0.0408,0.83,0.166,0.121,0.353,112.05,"2L6HQbA4c12cd0Yw2N5JKF","https://api.spotify.com/v1/audio-analysis/2L6HQbA4c12cd0Yw2N5JKF",4,1,185320,TRUE,"https://api.spotify.com/v1/tracks/2L6HQbA4c12cd0Yw2N5JKF","gold rush",NA,3,"track","spotify:track:2L6HQbA4c12cd0Yw2N5JKF","evermore","A","major","A major"
"190","Taylor Swift","06HL4z0CvFAxyc27GXpf02","40zKHK0aGM4PITqPy5vfQh","album","2020-12-11",2020,0.575,0.434,5,-8.193,1,0.0312,0.735,6.59e-05,0.105,0.348,145.916,"5CClGnE6O7a3NGUYKe3ZP4","https://api.spotify.com/v1/audio-analysis/5CClGnE6O7a3NGUYKe3ZP4",4,1,229840,FALSE,"https://api.spotify.com/v1/tracks/5CClGnE6O7a3NGUYKe3ZP4","‘tis the damn season",NA,4,"track","spotify:track:5CClGnE6O7a3NGUYKe3ZP4","evermore","F","major","F major"
"191","Taylor Swift","06HL4z0CvFAxyc27GXpf02","40zKHK0aGM4PITqPy5vfQh","album","2020-12-11",2020,0.316,0.361,9,-10.381,1,0.0488,0.878,2.67e-05,0.0797,0.221,74.952,"4wKsj88mt0ZRKCmOx8BRlu","https://api.spotify.com/v1/audio-analysis/4wKsj88mt0ZRKCmOx8BRlu",5,1,245440,TRUE,"https://api.spotify.com/v1/tracks/4wKsj88mt0ZRKCmOx8BRlu","tolerate it",NA,5,"track","spotify:track:4wKsj88mt0ZRKCmOx8BRlu","evermore","A","major","A major"
"192","Taylor Swift","06HL4z0CvFAxyc27GXpf02","40zKHK0aGM4PITqPy5vfQh","album","2020-12-11",2020,0.546,0.613,7,-7.589,0,0.0264,0.418,0,0.103,0.535,79.015,"33TKylf4GCTBNgneA4VRia","https://api.spotify.com/v1/audio-analysis/33TKylf4GCTBNgneA4VRia",4,1,215626,FALSE,"https://api.spotify.com/v1/tracks/33TKylf4GCTBNgneA4VRia","no body, no crime (feat. HAIM)",NA,6,"track","spotify:track:33TKylf4GCTBNgneA4VRia","evermore","G","minor","G minor"
"193","Taylor Swift","06HL4z0CvFAxyc27GXpf02","40zKHK0aGM4PITqPy5vfQh","album","2020-12-11",2020,0.559,0.334,11,-10.733,1,0.0376,0.87,0,0.114,0.211,122.079,"6eJfZGNNwLYrj0T4GUXxFj","https://api.spotify.com/v1/audio-analysis/6eJfZGNNwLYrj0T4GUXxFj",4,1,315146,TRUE,"https://api.spotify.com/v1/tracks/6eJfZGNNwLYrj0T4GUXxFj","happiness",NA,7,"track","spotify:track:6eJfZGNNwLYrj0T4GUXxFj","evermore","B","major","B major"
"194","Taylor Swift","06HL4z0CvFAxyc27GXpf02","40zKHK0aGM4PITqPy5vfQh","album","2020-12-11",2020,0.605,0.488,4,-8.322,1,0.0264,0.696,0,0.129,0.354,119.966,"59NqXmEGkPj1RDPtYTzTzE","https://api.spotify.com/v1/audio-analysis/59NqXmEGkPj1RDPtYTzTzE",4,1,225880,FALSE,"https://api.spotify.com/v1/tracks/59NqXmEGkPj1RDPtYTzTzE","dorothea",NA,8,"track","spotify:track:59NqXmEGkPj1RDPtYTzTzE","evermore","E","major","E major"
"195","Taylor Swift","06HL4z0CvFAxyc27GXpf02","40zKHK0aGM4PITqPy5vfQh","album","2020-12-11",2020,0.537,0.537,8,-11.266,1,0.0617,0.819,0.000904,0.142,0.292,107.895,"13OWKtZFKsXX3DJw3nZw6e","https://api.spotify.com/v1/audio-analysis/13OWKtZFKsXX3DJw3nZw6e",4,1,275320,FALSE,"https://api.spotify.com/v1/tracks/13OWKtZFKsXX3DJw3nZw6e","coney island (feat. The National)",NA,9,"track","spotify:track:13OWKtZFKsXX3DJw3nZw6e","evermore","G#","major","G# major"
"196","Taylor Swift","06HL4z0CvFAxyc27GXpf02","40zKHK0aGM4PITqPy5vfQh","album","2020-12-11",2020,0.515,0.545,2,-9.277,1,0.0353,0.855,1.97e-05,0.0921,0.535,88.856,"3KmIQJVaO2UKFyEifiCXHw","https://api.spotify.com/v1/audio-analysis/3KmIQJVaO2UKFyEifiCXHw",4,1,260440,TRUE,"https://api.spotify.com/v1/tracks/3KmIQJVaO2UKFyEifiCXHw","ivy",NA,10,"track","spotify:track:3KmIQJVaO2UKFyEifiCXHw","evermore","D","major","D major"
"197","Taylor Swift","06HL4z0CvFAxyc27GXpf02","40zKHK0aGM4PITqPy5vfQh","album","2020-12-11",2020,0.604,0.517,0,-9.014,1,0.0347,0.768,0.000155,0.123,0.511,127.967,"2VXkWBDugXpgyO9YOGQSk6","https://api.spotify.com/v1/audio-analysis/2VXkWBDugXpgyO9YOGQSk6",4,1,275040,TRUE,"https://api.spotify.com/v1/tracks/2VXkWBDugXpgyO9YOGQSk6","cowboy like me",NA,11,"track","spotify:track:2VXkWBDugXpgyO9YOGQSk6","evermore","C","major","C major"
"198","Taylor Swift","06HL4z0CvFAxyc27GXpf02","40zKHK0aGM4PITqPy5vfQh","album","2020-12-11",2020,0.546,0.73,0,-7.704,1,0.0417,0.66,0.179,0.0972,0.573,157.895,"0Mt5uGAv7HXT69CPAySwC7","https://api.spotify.com/v1/audio-analysis/0Mt5uGAv7HXT69CPAySwC7",4,1,215920,FALSE,"https://api.spotify.com/v1/tracks/0Mt5uGAv7HXT69CPAySwC7","long story short",NA,12,"track","spotify:track:0Mt5uGAv7HXT69CPAySwC7","evermore","C","major","C major"
"199","Taylor Swift","06HL4z0CvFAxyc27GXpf02","40zKHK0aGM4PITqPy5vfQh","album","2020-12-11",2020,0.535,0.561,5,-11.609,1,0.0484,0.876,0.000136,0.115,0.287,96.103,"3bwOtYXgGWIDxkmgO01cBn","https://api.spotify.com/v1/audio-analysis/3bwOtYXgGWIDxkmgO01cBn",4,1,257773,FALSE,"https://api.spotify.com/v1/tracks/3bwOtYXgGWIDxkmgO01cBn","marjorie",NA,13,"track","spotify:track:3bwOtYXgGWIDxkmgO01cBn","evermore","F","major","F major"
"200","Taylor Swift","06HL4z0CvFAxyc27GXpf02","40zKHK0aGM4PITqPy5vfQh","album","2020-12-11",2020,0.689,0.704,9,-10.813,1,0.245,0.835,4.83e-06,0.134,0.92,151.884,"6mN8gQjeTrrCkrqwwq6Jvs","https://api.spotify.com/v1/audio-analysis/6mN8gQjeTrrCkrqwwq6Jvs",5,1,180653,FALSE,"https://api.spotify.com/v1/tracks/6mN8gQjeTrrCkrqwwq6Jvs","closure",NA,14,"track","spotify:track:6mN8gQjeTrrCkrqwwq6Jvs","evermore","A","major","A major"
"201","Taylor Swift","06HL4z0CvFAxyc27GXpf02","40zKHK0aGM4PITqPy5vfQh","album","2020-12-11",2020,0.39,0.27,1,-10.673,1,0.0308,0.937,0.00227,0.111,0.32,125.177,"3WFsgPXDeNbrV63g6Ua8yv","https://api.spotify.com/v1/audio-analysis/3WFsgPXDeNbrV63g6Ua8yv",5,1,304106,FALSE,"https://api.spotify.com/v1/tracks/3WFsgPXDeNbrV63g6Ua8yv","evermore (feat. Bon Iver)",NA,15,"track","spotify:track:3WFsgPXDeNbrV63g6Ua8yv","evermore","C#","major","C# major"
"334","Taylor Swift","06HL4z0CvFAxyc27GXpf02","2fenSS68JI1h4Fo296JfGr","album","2020-07-24",2020,0.777,0.357,0,-6.942,1,0.0522,0.757,7.28e-06,0.108,0.172,139.883,"0Jlcvv8IykzHaSmj49uNW8","https://api.spotify.com/v1/audio-analysis/0Jlcvv8IykzHaSmj49uNW8",4,1,210251,TRUE,"https://api.spotify.com/v1/tracks/0Jlcvv8IykzHaSmj49uNW8","the 1",NA,1,"track","spotify:track:0Jlcvv8IykzHaSmj49uNW8","folklore","C","major","C major"
"335","Taylor Swift","06HL4z0CvFAxyc27GXpf02","2fenSS68JI1h4Fo296JfGr","album","2020-07-24",2020,0.613,0.581,0,-8.588,0,0.0424,0.537,0.000345,0.25,0.551,130.033,"4R2kfaDFhslZEMJqAFNpdd","https://api.spotify.com/v1/audio-analysis/4R2kfaDFhslZEMJqAFNpdd",4,1,239560,FALSE,"https://api.spotify.com/v1/tracks/4R2kfaDFhslZEMJqAFNpdd","cardigan",NA,2,"track","spotify:track:4R2kfaDFhslZEMJqAFNpdd","folklore","C","minor","C minor"
"336","Taylor Swift","06HL4z0CvFAxyc27GXpf02","2fenSS68JI1h4Fo296JfGr","album","2020-07-24",2020,0.686,0.662,7,-8.505,1,0.0413,0.467,0.0023,0.109,0.706,147.922,"2Eeur20xVqfUoM3Q7EFPFt","https://api.spotify.com/v1/audio-analysis/2Eeur20xVqfUoM3Q7EFPFt",4,1,230999,TRUE,"https://api.spotify.com/v1/tracks/2Eeur20xVqfUoM3Q7EFPFt","the last great american dynasty",NA,3,"track","spotify:track:2Eeur20xVqfUoM3Q7EFPFt","folklore","G","major","G major"
"337","Taylor Swift","06HL4z0CvFAxyc27GXpf02","2fenSS68JI1h4Fo296JfGr","album","2020-07-24",2020,0.298,0.38,6,-8.426,1,0.0287,0.778,5.62e-05,0.11,0.152,75.602,"4pvb0WLRcMtbPGmtejJJ6y","https://api.spotify.com/v1/audio-analysis/4pvb0WLRcMtbPGmtejJJ6y",4,1,285634,FALSE,"https://api.spotify.com/v1/tracks/4pvb0WLRcMtbPGmtejJJ6y","exile (feat. Bon Iver)",NA,4,"track","spotify:track:4pvb0WLRcMtbPGmtejJJ6y","folklore","F#","major","F# major"
"338","Taylor Swift","06HL4z0CvFAxyc27GXpf02","2fenSS68JI1h4Fo296JfGr","album","2020-07-24",2020,0.456,0.263,0,-10.63,1,0.0332,0.806,0,0.0749,0.111,129.86,"1MgV7FIyNxIG7WzMRJV5HC","https://api.spotify.com/v1/audio-analysis/1MgV7FIyNxIG7WzMRJV5HC",4,1,255893,FALSE,"https://api.spotify.com/v1/tracks/1MgV7FIyNxIG7WzMRJV5HC","my tears ricochet",NA,5,"track","spotify:track:1MgV7FIyNxIG7WzMRJV5HC","folklore","C","major","C major"
"339","Taylor Swift","06HL4z0CvFAxyc27GXpf02","2fenSS68JI1h4Fo296JfGr","album","2020-07-24",2020,0.553,0.413,2,-10.037,1,0.0334,0.687,2.33e-06,0.0594,0.379,110.107,"0ZNU020wNYvgW84iljPkPP","https://api.spotify.com/v1/audio-analysis/0ZNU020wNYvgW84iljPkPP",4,1,208977,FALSE,"https://api.spotify.com/v1/tracks/0ZNU020wNYvgW84iljPkPP","mirrorball",NA,6,"track","spotify:track:0ZNU020wNYvgW84iljPkPP","folklore","D","major","D major"
"340","Taylor Swift","06HL4z0CvFAxyc27GXpf02","2fenSS68JI1h4Fo296JfGr","album","2020-07-24",2020,0.596,0.488,4,-10.769,1,0.0274,0.9,2.7e-05,0.091,0.415,94.926,"6KJqZcs9XDgVck7Lg9QOTC","https://api.spotify.com/v1/audio-analysis/6KJqZcs9XDgVck7Lg9QOTC",4,1,208906,FALSE,"https://api.spotify.com/v1/tracks/6KJqZcs9XDgVck7Lg9QOTC","seven",NA,7,"track","spotify:track:6KJqZcs9XDgVck7Lg9QOTC","folklore","E","major","E major"
"341","Taylor Swift","06HL4z0CvFAxyc27GXpf02","2fenSS68JI1h4Fo296JfGr","album","2020-07-24",2020,0.532,0.623,5,-9.208,1,0.0331,0.538,7.28e-05,0.0925,0.403,89.937,"3hUxzQpSfdDqwM3ZTFQY0K","https://api.spotify.com/v1/audio-analysis/3hUxzQpSfdDqwM3ZTFQY0K",4,1,261922,FALSE,"https://api.spotify.com/v1/tracks/3hUxzQpSfdDqwM3ZTFQY0K","august",NA,8,"track","spotify:track:3hUxzQpSfdDqwM3ZTFQY0K","folklore","F","major","F major"
"342","Taylor Swift","06HL4z0CvFAxyc27GXpf02","2fenSS68JI1h4Fo296JfGr","album","2020-07-24",2020,0.515,0.476,9,-9.843,1,0.0328,0.314,4.74e-05,0.171,0.412,135.886,"7kt9e9LFSpN1zQtYEl19o1","https://api.spotify.com/v1/audio-analysis/7kt9e9LFSpN1zQtYEl19o1",4,1,195097,FALSE,"https://api.spotify.com/v1/tracks/7kt9e9LFSpN1zQtYEl19o1","this is me trying",NA,9,"track","spotify:track:7kt9e9LFSpN1zQtYEl19o1","folklore","A","major","A major"
"343","Taylor Swift","06HL4z0CvFAxyc27GXpf02","2fenSS68JI1h4Fo296JfGr","album","2020-07-24",2020,0.559,0.31,10,-10.445,1,0.0338,0.881,0,0.106,0.46,119.845,"2NmsngXHeC1GQ9wWrzhOMf","https://api.spotify.com/v1/audio-analysis/2NmsngXHeC1GQ9wWrzhOMf",4,1,190898,FALSE,"https://api.spotify.com/v1/tracks/2NmsngXHeC1GQ9wWrzhOMf","illicit affairs",NA,10,"track","spotify:track:2NmsngXHeC1GQ9wWrzhOMf","folklore","A#","major","A# major"
"344","Taylor Swift","06HL4z0CvFAxyc27GXpf02","2fenSS68JI1h4Fo296JfGr","album","2020-07-24",2020,0.653,0.452,4,-11.143,0,0.055,0.838,7.73e-05,0.108,0.45,83.433,"6VsvKPJ4xjVNKpI8VVZ3SV","https://api.spotify.com/v1/audio-analysis/6VsvKPJ4xjVNKpI8VVZ3SV",4,1,252880,FALSE,"https://api.spotify.com/v1/tracks/6VsvKPJ4xjVNKpI8VVZ3SV","invisible string",NA,11,"track","spotify:track:6VsvKPJ4xjVNKpI8VVZ3SV","folklore","E","minor","E minor"
"345","Taylor Swift","06HL4z0CvFAxyc27GXpf02","2fenSS68JI1h4Fo296JfGr","album","2020-07-24",2020,0.592,0.699,3,-8.995,1,0.0471,0.655,1.68e-05,0.114,0.506,141.916,"2QDyYdZyhlP2fp79KZX8Bi","https://api.spotify.com/v1/audio-analysis/2QDyYdZyhlP2fp79KZX8Bi",4,1,237258,TRUE,"https://api.spotify.com/v1/tracks/2QDyYdZyhlP2fp79KZX8Bi","mad woman",NA,12,"track","spotify:track:2QDyYdZyhlP2fp79KZX8Bi","folklore","D#","major","D# major"
"346","Taylor Swift","06HL4z0CvFAxyc27GXpf02","2fenSS68JI1h4Fo296JfGr","album","2020-07-24",2020,0.354,0.267,1,-13.69,1,0.0281,0.731,0.000402,0.0858,0.113,94.219,"08fa9LFcFBTcilB3iq2e2A","https://api.spotify.com/v1/audio-analysis/08fa9LFcFBTcilB3iq2e2A",4,1,289749,FALSE,"https://api.spotify.com/v1/tracks/08fa9LFcFBTcilB3iq2e2A","epiphany",NA,13,"track","spotify:track:08fa9LFcFBTcilB3iq2e2A","folklore","C#","major","C# major"
"347","Taylor Swift","06HL4z0CvFAxyc27GXpf02","2fenSS68JI1h4Fo296JfGr","album","2020-07-24",2020,0.593,0.377,0,-8.761,1,0.0253,0.6,0,0.0976,0.502,95.939,"5kI4eCXXzyuIUXjQra0Cxi","https://api.spotify.com/v1/audio-analysis/5kI4eCXXzyuIUXjQra0Cxi",4,1,294521,TRUE,"https://api.spotify.com/v1/tracks/5kI4eCXXzyuIUXjQra0Cxi","betty",NA,14,"track","spotify:track:5kI4eCXXzyuIUXjQra0Cxi","folklore","C","major","C major"
"348","Taylor Swift","06HL4z0CvFAxyc27GXpf02","2fenSS68JI1h4Fo296JfGr","album","2020-07-24",2020,0.647,0.272,5,-12.906,1,0.0916,0.918,1.73e-05,0.0918,0.339,150.044,"7MbT4I8qGntX4fMdqMQgke","https://api.spotify.com/v1/audio-analysis/7MbT4I8qGntX4fMdqMQgke",4,1,234000,TRUE,"https://api.spotify.com/v1/tracks/7MbT4I8qGntX4fMdqMQgke","peace",NA,15,"track","spotify:track:7MbT4I8qGntX4fMdqMQgke","folklore","F","major","F major"
"349","Taylor Swift","06HL4z0CvFAxyc27GXpf02","2fenSS68JI1h4Fo296JfGr","album","2020-07-24",2020,0.662,0.181,8,-15.065,1,0.0415,0.966,3.86e-06,0.133,0.429,118.819,"6MWoRt97mnSTXZhu3ggi9C","https://api.spotify.com/v1/audio-analysis/6MWoRt97mnSTXZhu3ggi9C",4,1,220042,FALSE,"https://api.spotify.com/v1/tracks/6MWoRt97mnSTXZhu3ggi9C","hoax",NA,16,"track","spotify:track:6MWoRt97mnSTXZhu3ggi9C","folklore","G#","major","G# major"
"366","Taylor Swift","06HL4z0CvFAxyc27GXpf02","1NAmidJlEaVgA3MpcPFYGq","album","2019-08-23",2019,0.664,0.316,5,-10.345,1,0.519,0.298,2.03e-06,0.0812,0.541,92.875,"43rA71bccXFGD4C8GOpIlN","https://api.spotify.com/v1/audio-analysis/43rA71bccXFGD4C8GOpIlN",4,1,170640,FALSE,"https://api.spotify.com/v1/tracks/43rA71bccXFGD4C8GOpIlN","I Forgot That You Existed",NA,1,"track","spotify:track:43rA71bccXFGD4C8GOpIlN","Lover","F","major","F major"
"367","Taylor Swift","06HL4z0CvFAxyc27GXpf02","1NAmidJlEaVgA3MpcPFYGq","album","2019-08-23",2019,0.552,0.702,9,-5.707,1,0.157,0.117,2.06e-05,0.105,0.564,169.994,"1BxfuPKGuaTgP7aM0Bbdwr","https://api.spotify.com/v1/audio-analysis/1BxfuPKGuaTgP7aM0Bbdwr",4,1,178426,FALSE,"https://api.spotify.com/v1/tracks/1BxfuPKGuaTgP7aM0Bbdwr","Cruel Summer",NA,2,"track","spotify:track:1BxfuPKGuaTgP7aM0Bbdwr","Lover","A","major","A major"
"368","Taylor Swift","06HL4z0CvFAxyc27GXpf02","1NAmidJlEaVgA3MpcPFYGq","album","2019-08-23",2019,0.359,0.543,7,-7.582,1,0.0919,0.492,1.58e-05,0.118,0.453,68.534,"1dGr1c8CrMLDpV6mPbImSI","https://api.spotify.com/v1/audio-analysis/1dGr1c8CrMLDpV6mPbImSI",4,1,221306,FALSE,"https://api.spotify.com/v1/tracks/1dGr1c8CrMLDpV6mPbImSI","Lover",NA,3,"track","spotify:track:1dGr1c8CrMLDpV6mPbImSI","Lover","G","major","G major"
"369","Taylor Swift","06HL4z0CvFAxyc27GXpf02","1NAmidJlEaVgA3MpcPFYGq","album","2019-08-23",2019,0.777,0.658,0,-5.191,1,0.054,0.0767,0,0.0901,0.633,110.048,"3RauEVgRgj1IuWdJ9fDs70","https://api.spotify.com/v1/audio-analysis/3RauEVgRgj1IuWdJ9fDs70",4,1,190360,FALSE,"https://api.spotify.com/v1/tracks/3RauEVgRgj1IuWdJ9fDs70","The Man",NA,4,"track","spotify:track:3RauEVgRgj1IuWdJ9fDs70","Lover","C","major","C major"
"370","Taylor Swift","06HL4z0CvFAxyc27GXpf02","1NAmidJlEaVgA3MpcPFYGq","album","2019-08-23",2019,0.292,0.574,0,-9.375,1,0.0401,0.12,0.00569,0.0663,0.166,124.344,"3pHkh7d0lzM2AldUtz2x37","https://api.spotify.com/v1/audio-analysis/3pHkh7d0lzM2AldUtz2x37",4,1,211240,FALSE,"https://api.spotify.com/v1/tracks/3pHkh7d0lzM2AldUtz2x37","The Archer",NA,5,"track","spotify:track:3pHkh7d0lzM2AldUtz2x37","Lover","C","major","C major"
"371","Taylor Swift","06HL4z0CvFAxyc27GXpf02","1NAmidJlEaVgA3MpcPFYGq","album","2019-08-23",2019,0.897,0.366,0,-8.029,1,0.0569,0.00889,0.000353,0.0715,0.416,100.003,"2YWtcWi3a83pdEg3Gif4Pd","https://api.spotify.com/v1/audio-analysis/2YWtcWi3a83pdEg3Gif4Pd",4,1,173386,FALSE,"https://api.spotify.com/v1/tracks/2YWtcWi3a83pdEg3Gif4Pd","I Think He Knows",NA,6,"track","spotify:track:2YWtcWi3a83pdEg3Gif4Pd","Lover","C","major","C major"
"372","Taylor Swift","06HL4z0CvFAxyc27GXpf02","1NAmidJlEaVgA3MpcPFYGq","album","2019-08-23",2019,0.662,0.747,11,-6.926,0,0.0736,0.028,0.00615,0.138,0.487,150.088,"214nt20w5wOxJnY462klLw","https://api.spotify.com/v1/audio-analysis/214nt20w5wOxJnY462klLw",4,1,234146,FALSE,"https://api.spotify.com/v1/tracks/214nt20w5wOxJnY462klLw","Miss Americana & The Heartbreak Prince",NA,7,"track","spotify:track:214nt20w5wOxJnY462klLw","Lover","B","minor","B minor"
"373","Taylor Swift","06HL4z0CvFAxyc27GXpf02","1NAmidJlEaVgA3MpcPFYGq","album","2019-08-23",2019,0.811,0.719,9,-6.553,1,0.0497,0.0129,1.36e-05,0.0742,0.865,103.979,"4y5bvROuBDPr5fuwXbIBZR","https://api.spotify.com/v1/audio-analysis/4y5bvROuBDPr5fuwXbIBZR",4,1,222400,FALSE,"https://api.spotify.com/v1/tracks/4y5bvROuBDPr5fuwXbIBZR","Paper Rings",NA,8,"track","spotify:track:4y5bvROuBDPr5fuwXbIBZR","Lover","A","major","A major"
"374","Taylor Swift","06HL4z0CvFAxyc27GXpf02","1NAmidJlEaVgA3MpcPFYGq","album","2019-08-23",2019,0.824,0.624,0,-9.728,1,0.0827,0.781,0.000189,0.1,0.248,102.012,"12M5uqx0ZuwkpLp5rJim1a","https://api.spotify.com/v1/audio-analysis/12M5uqx0ZuwkpLp5rJim1a",4,1,287266,FALSE,"https://api.spotify.com/v1/tracks/12M5uqx0ZuwkpLp5rJim1a","Cornelia Street",NA,9,"track","spotify:track:12M5uqx0ZuwkpLp5rJim1a","Lover","C","major","C major"
"375","Taylor Swift","06HL4z0CvFAxyc27GXpf02","1NAmidJlEaVgA3MpcPFYGq","album","2019-08-23",2019,0.712,0.732,4,-6.754,1,0.0629,0.454,0,0.319,0.313,94.071,"2dgFqt3w9xIQRjhPtwNk3D","https://api.spotify.com/v1/audio-analysis/2dgFqt3w9xIQRjhPtwNk3D",4,1,198533,FALSE,"https://api.spotify.com/v1/tracks/2dgFqt3w9xIQRjhPtwNk3D","Death By A Thousand Cuts",NA,10,"track","spotify:track:2dgFqt3w9xIQRjhPtwNk3D","Lover","E","major","E major"
"376","Taylor Swift","06HL4z0CvFAxyc27GXpf02","1NAmidJlEaVgA3MpcPFYGq","album","2019-08-23",2019,0.695,0.71,1,-6.639,1,0.05,0.0246,0.000104,0.133,0.557,157.925,"1LLXZFeAHK9R4xUramtUKw","https://api.spotify.com/v1/audio-analysis/1LLXZFeAHK9R4xUramtUKw",4,1,190240,FALSE,"https://api.spotify.com/v1/tracks/1LLXZFeAHK9R4xUramtUKw","London Boy",NA,11,"track","spotify:track:1LLXZFeAHK9R4xUramtUKw","Lover","C#","major","C# major"
"377","Taylor Swift","06HL4z0CvFAxyc27GXpf02","1NAmidJlEaVgA3MpcPFYGq","album","2019-08-23",2019,0.433,0.182,0,-12.566,1,0.0641,0.907,0,0.123,0.421,207.476,"4AYtqFyFbX0Xkc2wtcygTr","https://api.spotify.com/v1/audio-analysis/4AYtqFyFbX0Xkc2wtcygTr",4,1,201586,FALSE,"https://api.spotify.com/v1/tracks/4AYtqFyFbX0Xkc2wtcygTr","Soon You’ll Get Better (feat. The Chicks)",NA,12,"track","spotify:track:4AYtqFyFbX0Xkc2wtcygTr","Lover","C","major","C major"
"378","Taylor Swift","06HL4z0CvFAxyc27GXpf02","1NAmidJlEaVgA3MpcPFYGq","album","2019-08-23",2019,0.739,0.32,11,-10.862,0,0.239,0.736,0.000147,0.111,0.351,79.97,"5hQSXkFgbxjZo9uCwd11so","https://api.spotify.com/v1/audio-analysis/5hQSXkFgbxjZo9uCwd11so",4,1,200306,FALSE,"https://api.spotify.com/v1/tracks/5hQSXkFgbxjZo9uCwd11so","False God",NA,13,"track","spotify:track:5hQSXkFgbxjZo9uCwd11so","Lover","B","minor","B minor"
"379","Taylor Swift","06HL4z0CvFAxyc27GXpf02","1NAmidJlEaVgA3MpcPFYGq","album","2019-08-23",2019,0.771,0.671,2,-5.617,1,0.0553,0.00929,0,0.0637,0.714,85.026,"6RRNNciQGZEXnqk8SQ9yv5","https://api.spotify.com/v1/audio-analysis/6RRNNciQGZEXnqk8SQ9yv5",4,1,171360,FALSE,"https://api.spotify.com/v1/tracks/6RRNNciQGZEXnqk8SQ9yv5","You Need To Calm Down",NA,14,"track","spotify:track:6RRNNciQGZEXnqk8SQ9yv5","Lover","D","major","D major"
"380","Taylor Swift","06HL4z0CvFAxyc27GXpf02","1NAmidJlEaVgA3MpcPFYGq","album","2019-08-23",2019,0.756,0.449,9,-8.746,1,0.0344,0.13,0,0.114,0.399,111.011,"1SymEzIT3H8UZfibCs3TYi","https://api.spotify.com/v1/audio-analysis/1SymEzIT3H8UZfibCs3TYi",4,1,223293,FALSE,"https://api.spotify.com/v1/tracks/1SymEzIT3H8UZfibCs3TYi","Afterglow",NA,15,"track","spotify:track:1SymEzIT3H8UZfibCs3TYi","Lover","A","major","A major"
"381","Taylor Swift","06HL4z0CvFAxyc27GXpf02","1NAmidJlEaVgA3MpcPFYGq","album","2019-08-23",2019,0.61,0.83,0,-4.105,1,0.0571,0.033,0,0.118,0.728,182.162,"2Rk4JlNc2TPmZe2af99d45","https://api.spotify.com/v1/audio-analysis/2Rk4JlNc2TPmZe2af99d45",4,1,193000,FALSE,"https://api.spotify.com/v1/tracks/2Rk4JlNc2TPmZe2af99d45","ME! (feat. Brendon Urie of Panic! At The Disco)",NA,16,"track","spotify:track:2Rk4JlNc2TPmZe2af99d45","Lover","C","major","C major"
"382","Taylor Swift","06HL4z0CvFAxyc27GXpf02","1NAmidJlEaVgA3MpcPFYGq","album","2019-08-23",2019,0.737,0.175,10,-9.912,1,0.0401,0.971,0.000337,0.171,0.545,70.008,"1SmiQ65iSAbPto6gPFlBYm","https://api.spotify.com/v1/audio-analysis/1SmiQ65iSAbPto6gPFlBYm",4,1,150440,FALSE,"https://api.spotify.com/v1/tracks/1SmiQ65iSAbPto6gPFlBYm","It’s Nice To Have A Friend",NA,17,"track","spotify:track:1SmiQ65iSAbPto6gPFlBYm","Lover","A#","major","A# major"
"383","Taylor Swift","06HL4z0CvFAxyc27GXpf02","1NAmidJlEaVgA3MpcPFYGq","album","2019-08-23",2019,0.557,0.496,0,-9.602,1,0.0563,0.808,0.000173,0.0772,0.265,149.983,"1fzAuUVbzlhZ1lJAx9PtY6","https://api.spotify.com/v1/audio-analysis/1fzAuUVbzlhZ1lJAx9PtY6",4,1,293453,FALSE,"https://api.spotify.com/v1/tracks/1fzAuUVbzlhZ1lJAx9PtY6","Daylight",NA,18,"track","spotify:track:1fzAuUVbzlhZ1lJAx9PtY6","Lover","C","major","C major"
"399","Taylor Swift","06HL4z0CvFAxyc27GXpf02","6DEjYFkNZh67HP7R9PSZvv","album","2017-11-10",2017,0.613,0.764,2,-6.509,1,0.136,0.0527,0,0.197,0.417,160.015,"2yLa0QULdQr0qAIvVwN6B5","https://api.spotify.com/v1/audio-analysis/2yLa0QULdQr0qAIvVwN6B5",4,1,208186,FALSE,"https://api.spotify.com/v1/tracks/2yLa0QULdQr0qAIvVwN6B5","...Ready For It?",NA,1,"track","spotify:track:2yLa0QULdQr0qAIvVwN6B5","reputation","D","major","D major"
"400","Taylor Swift","06HL4z0CvFAxyc27GXpf02","6DEjYFkNZh67HP7R9PSZvv","album","2017-11-10",2017,0.649,0.589,2,-6.237,1,0.0558,0.00845,0,0.108,0.151,159.073,"2x0WlnmfG39ZuDmstl9xfX","https://api.spotify.com/v1/audio-analysis/2x0WlnmfG39ZuDmstl9xfX",4,1,244826,FALSE,"https://api.spotify.com/v1/tracks/2x0WlnmfG39ZuDmstl9xfX","End Game",NA,2,"track","spotify:track:2x0WlnmfG39ZuDmstl9xfX","reputation","D","major","D major"
"401","Taylor Swift","06HL4z0CvFAxyc27GXpf02","6DEjYFkNZh67HP7R9PSZvv","album","2017-11-10",2017,0.696,0.602,0,-6.156,0,0.159,0.0679,2.11e-05,0.0696,0.305,82.989,"4svZDCRz4cJoneBpjpx8DJ","https://api.spotify.com/v1/audio-analysis/4svZDCRz4cJoneBpjpx8DJ",4,1,238253,FALSE,"https://api.spotify.com/v1/tracks/4svZDCRz4cJoneBpjpx8DJ","I Did Something Bad",NA,3,"track","spotify:track:4svZDCRz4cJoneBpjpx8DJ","reputation","C","minor","C minor"
"402","Taylor Swift","06HL4z0CvFAxyc27GXpf02","6DEjYFkNZh67HP7R9PSZvv","album","2017-11-10",2017,0.615,0.534,9,-6.719,0,0.0386,0.106,1.76e-05,0.0607,0.193,135.917,"1R0a2iXumgCiFb7HEZ7gUE","https://api.spotify.com/v1/audio-analysis/1R0a2iXumgCiFb7HEZ7gUE",4,1,236413,FALSE,"https://api.spotify.com/v1/tracks/1R0a2iXumgCiFb7HEZ7gUE","Don’t Blame Me",NA,4,"track","spotify:track:1R0a2iXumgCiFb7HEZ7gUE","reputation","A","minor","A minor"
"403","Taylor Swift","06HL4z0CvFAxyc27GXpf02","6DEjYFkNZh67HP7R9PSZvv","album","2017-11-10",2017,0.75,0.404,9,-10.178,0,0.0682,0.216,0.000357,0.0911,0.0499,95.045,"6NFyWDv5CjfwuzoCkw47Xf","https://api.spotify.com/v1/audio-analysis/6NFyWDv5CjfwuzoCkw47Xf",4,1,232253,FALSE,"https://api.spotify.com/v1/tracks/6NFyWDv5CjfwuzoCkw47Xf","Delicate",NA,5,"track","spotify:track:6NFyWDv5CjfwuzoCkw47Xf","reputation","A","minor","A minor"
"404","Taylor Swift","06HL4z0CvFAxyc27GXpf02","6DEjYFkNZh67HP7R9PSZvv","album","2017-11-10",2017,0.766,0.709,9,-6.471,0,0.123,0.204,1.41e-05,0.126,0.506,128.07,"1P17dC1amhFzptugyAO7Il","https://api.spotify.com/v1/audio-analysis/1P17dC1amhFzptugyAO7Il",4,1,211853,FALSE,"https://api.spotify.com/v1/tracks/1P17dC1amhFzptugyAO7Il","Look What You Made Me Do",NA,6,"track","spotify:track:1P17dC1amhFzptugyAO7Il","reputation","A","minor","A minor"
"405","Taylor Swift","06HL4z0CvFAxyc27GXpf02","6DEjYFkNZh67HP7R9PSZvv","album","2017-11-10",2017,0.574,0.61,2,-7.283,1,0.0732,0.122,1.1e-06,0.13,0.374,74.957,"5PxFv9yJEg9dxvbZggykro","https://api.spotify.com/v1/audio-analysis/5PxFv9yJEg9dxvbZggykro",4,1,227906,FALSE,"https://api.spotify.com/v1/tracks/5PxFv9yJEg9dxvbZggykro","So It Goes...",NA,7,"track","spotify:track:5PxFv9yJEg9dxvbZggykro","reputation","D","major","D major"
"406","Taylor Swift","06HL4z0CvFAxyc27GXpf02","6DEjYFkNZh67HP7R9PSZvv","album","2017-11-10",2017,0.8,0.535,7,-6.684,1,0.135,0.0713,9.48e-06,0.213,0.451,92.027,"1ZY1PqizIl78geGM4xWlEA","https://api.spotify.com/v1/audio-analysis/1ZY1PqizIl78geGM4xWlEA",4,1,209680,FALSE,"https://api.spotify.com/v1/tracks/1ZY1PqizIl78geGM4xWlEA","Gorgeous",NA,8,"track","spotify:track:1ZY1PqizIl78geGM4xWlEA","reputation","G","major","G major"
"407","Taylor Swift","06HL4z0CvFAxyc27GXpf02","6DEjYFkNZh67HP7R9PSZvv","album","2017-11-10",2017,0.562,0.689,2,-6.745,1,0.127,0.00465,2.23e-06,0.0888,0.351,172.054,"0VE4kBnHJUgtMf0dy6DRmW","https://api.spotify.com/v1/audio-analysis/0VE4kBnHJUgtMf0dy6DRmW",4,1,233626,FALSE,"https://api.spotify.com/v1/tracks/0VE4kBnHJUgtMf0dy6DRmW","Getaway Car",NA,9,"track","spotify:track:0VE4kBnHJUgtMf0dy6DRmW","reputation","D","major","D major"
"408","Taylor Swift","06HL4z0CvFAxyc27GXpf02","6DEjYFkNZh67HP7R9PSZvv","album","2017-11-10",2017,0.675,0.703,0,-7.902,1,0.0382,0.00882,2.21e-06,0.0391,0.314,110.01,"7HuBDWi18s4aJM8UFnNheH","https://api.spotify.com/v1/audio-analysis/7HuBDWi18s4aJM8UFnNheH",4,1,214320,FALSE,"https://api.spotify.com/v1/tracks/7HuBDWi18s4aJM8UFnNheH","King Of My Heart",NA,10,"track","spotify:track:7HuBDWi18s4aJM8UFnNheH","reputation","C","major","C major"
"409","Taylor Swift","06HL4z0CvFAxyc27GXpf02","6DEjYFkNZh67HP7R9PSZvv","album","2017-11-10",2017,0.624,0.691,0,-6.686,0,0.196,0.0604,1.1e-05,0.138,0.284,160.024,"7I7JbDv63ZJJsSi24DyJrz","https://api.spotify.com/v1/audio-analysis/7I7JbDv63ZJJsSi24DyJrz",4,1,211506,FALSE,"https://api.spotify.com/v1/tracks/7I7JbDv63ZJJsSi24DyJrz","Dancing With Our Hands Tied",NA,11,"track","spotify:track:7I7JbDv63ZJJsSi24DyJrz","reputation","C","minor","C minor"
"410","Taylor Swift","06HL4z0CvFAxyc27GXpf02","6DEjYFkNZh67HP7R9PSZvv","album","2017-11-10",2017,0.719,0.469,0,-8.792,1,0.0533,0.0329,0,0.169,0.0851,120.085,"6oVxXO5oQ4pTpO8RSnkzvv","https://api.spotify.com/v1/audio-analysis/6oVxXO5oQ4pTpO8RSnkzvv",4,1,230373,FALSE,"https://api.spotify.com/v1/tracks/6oVxXO5oQ4pTpO8RSnkzvv","Dress",NA,12,"track","spotify:track:6oVxXO5oQ4pTpO8RSnkzvv","reputation","C","major","C major"
"411","Taylor Swift","06HL4z0CvFAxyc27GXpf02","6DEjYFkNZh67HP7R9PSZvv","album","2017-11-10",2017,0.567,0.789,5,-5.986,1,0.115,0.0156,0,0.382,0.438,163.96,"07NxDD1iKCHbAldceD7QLP","https://api.spotify.com/v1/audio-analysis/07NxDD1iKCHbAldceD7QLP",4,1,207133,FALSE,"https://api.spotify.com/v1/tracks/07NxDD1iKCHbAldceD7QLP","This Is Why We Can't Have Nice Things",NA,13,"track","spotify:track:07NxDD1iKCHbAldceD7QLP","reputation","F","major","F major"
"412","Taylor Swift","06HL4z0CvFAxyc27GXpf02","6DEjYFkNZh67HP7R9PSZvv","album","2017-11-10",2017,0.598,0.504,9,-9.874,1,0.0731,0.186,0.000221,0.34,0.252,163.954,"1GwMQaZz6Au3QLDbjbMdme","https://api.spotify.com/v1/audio-analysis/1GwMQaZz6Au3QLDbjbMdme",4,1,203506,FALSE,"https://api.spotify.com/v1/tracks/1GwMQaZz6Au3QLDbjbMdme","Call It What You Want",NA,14,"track","spotify:track:1GwMQaZz6Au3QLDbjbMdme","reputation","A","major","A major"
"413","Taylor Swift","06HL4z0CvFAxyc27GXpf02","6DEjYFkNZh67HP7R9PSZvv","album","2017-11-10",2017,0.661,0.151,0,-12.864,1,0.0354,0.921,0,0.13,0.23,94.922,"7F5oktn5YOsR9eR5YsFtqb","https://api.spotify.com/v1/audio-analysis/7F5oktn5YOsR9eR5YsFtqb",4,1,235466,FALSE,"https://api.spotify.com/v1/tracks/7F5oktn5YOsR9eR5YsFtqb","New Year’s Day",NA,15,"track","spotify:track:7F5oktn5YOsR9eR5YsFtqb","reputation","C","major","C major"
"507","Taylor Swift","06HL4z0CvFAxyc27GXpf02","4uUAUqIfSomFTbbjGp3TYp","album","2014-10-27",2014,0.793,0.634,7,-4.807,1,0.0324,0.038,1.76e-06,0.304,0.615,117.023,"2C8lcuMwQrCdUIiKISCYfE","https://api.spotify.com/v1/audio-analysis/2C8lcuMwQrCdUIiKISCYfE",4,1,212600,FALSE,"https://api.spotify.com/v1/tracks/2C8lcuMwQrCdUIiKISCYfE","Welcome To New York",NA,1,"track","spotify:track:2C8lcuMwQrCdUIiKISCYfE","1989","G","major","G major"
"508","Taylor Swift","06HL4z0CvFAxyc27GXpf02","4uUAUqIfSomFTbbjGp3TYp","album","2014-10-27",2014,0.752,0.678,5,-5.421,1,0.0646,0.085,1.64e-06,0.13,0.583,96.009,"1vwCXIAjSkUxvn78Cmz84g","https://api.spotify.com/v1/audio-analysis/1vwCXIAjSkUxvn78Cmz84g",4,1,231826,FALSE,"https://api.spotify.com/v1/tracks/1vwCXIAjSkUxvn78Cmz84g","Blank Space",NA,2,"track","spotify:track:1vwCXIAjSkUxvn78Cmz84g","1989","F","major","F major"
"509","Taylor Swift","06HL4z0CvFAxyc27GXpf02","4uUAUqIfSomFTbbjGp3TYp","album","2014-10-27",2014,0.598,0.786,2,-5.572,1,0.0382,0.00256,0.00143,0.117,0.456,95.021,"2azpRNbgwmjSmmQZ5PGJGT","https://api.spotify.com/v1/audio-analysis/2azpRNbgwmjSmmQZ5PGJGT",4,1,231000,FALSE,"https://api.spotify.com/v1/tracks/2azpRNbgwmjSmmQZ5PGJGT","Style",NA,3,"track","spotify:track:2azpRNbgwmjSmmQZ5PGJGT","1989","D","major","D major"
"510","Taylor Swift","06HL4z0CvFAxyc27GXpf02","4uUAUqIfSomFTbbjGp3TYp","album","2014-10-27",2014,0.552,0.841,7,-6.938,1,0.0372,0.00103,1.23e-05,0.337,0.342,91.993,"235hvG1TA5qebFjijpCmaV","https://api.spotify.com/v1/audio-analysis/235hvG1TA5qebFjijpCmaV",4,1,235800,FALSE,"https://api.spotify.com/v1/tracks/235hvG1TA5qebFjijpCmaV","Out Of The Woods",NA,4,"track","spotify:track:235hvG1TA5qebFjijpCmaV","1989","G","major","G major"
"511","Taylor Swift","06HL4z0CvFAxyc27GXpf02","4uUAUqIfSomFTbbjGp3TYp","album","2014-10-27",2014,0.602,0.735,5,-5.778,1,0.0337,0.00196,4.77e-05,0.105,0.472,96.969,"4i9dEGgLlZdSmR4lPXRYiS","https://api.spotify.com/v1/audio-analysis/4i9dEGgLlZdSmR4lPXRYiS",4,1,193293,FALSE,"https://api.spotify.com/v1/tracks/4i9dEGgLlZdSmR4lPXRYiS","All You Had To Do Was Stay",NA,5,"track","spotify:track:4i9dEGgLlZdSmR4lPXRYiS","1989","F","major","F major"
"512","Taylor Swift","06HL4z0CvFAxyc27GXpf02","4uUAUqIfSomFTbbjGp3TYp","album","2014-10-27",2014,0.648,0.785,7,-5.414,1,0.165,0.0561,0,0.148,0.943,160.02,"5WuBu7WHqaDAIs5dikGclg","https://api.spotify.com/v1/audio-analysis/5WuBu7WHqaDAIs5dikGclg",4,1,219200,FALSE,"https://api.spotify.com/v1/tracks/5WuBu7WHqaDAIs5dikGclg","Shake It Off",NA,6,"track","spotify:track:5WuBu7WHqaDAIs5dikGclg","1989","G","major","G major"
"513","Taylor Swift","06HL4z0CvFAxyc27GXpf02","4uUAUqIfSomFTbbjGp3TYp","album","2014-10-27",2014,0.649,0.898,0,-5.963,1,0.0511,0.016,9.9e-05,0.109,0.503,118.027,"4yH40E15Nwfcroj5Ofooo7","https://api.spotify.com/v1/audio-analysis/4yH40E15Nwfcroj5Ofooo7",4,1,207440,FALSE,"https://api.spotify.com/v1/tracks/4yH40E15Nwfcroj5Ofooo7","I Wish You Would",NA,7,"track","spotify:track:4yH40E15Nwfcroj5Ofooo7","1989","C","major","C major"
"514","Taylor Swift","06HL4z0CvFAxyc27GXpf02","4uUAUqIfSomFTbbjGp3TYp","album","2014-10-27",2014,0.652,0.802,7,-6.114,1,0.181,0.0871,6.45e-06,0.148,0.295,170.157,"2Twii5CeqM86JxSrnPgydn","https://api.spotify.com/v1/audio-analysis/2Twii5CeqM86JxSrnPgydn",4,1,211933,FALSE,"https://api.spotify.com/v1/tracks/2Twii5CeqM86JxSrnPgydn","Bad Blood",NA,8,"track","spotify:track:2Twii5CeqM86JxSrnPgydn","1989","G","major","G major"
"515","Taylor Swift","06HL4z0CvFAxyc27GXpf02","4uUAUqIfSomFTbbjGp3TYp","album","2014-10-27",2014,0.553,0.664,8,-7.417,1,0.0741,0.0709,0.0056,0.106,0.467,140.06,"6oWDkRuzwIak4Z2b0M2qAv","https://api.spotify.com/v1/audio-analysis/6oWDkRuzwIak4Z2b0M2qAv",4,1,220440,FALSE,"https://api.spotify.com/v1/tracks/6oWDkRuzwIak4Z2b0M2qAv","Wildest Dreams",NA,9,"track","spotify:track:6oWDkRuzwIak4Z2b0M2qAv","1989","G#","major","G# major"
"516","Taylor Swift","06HL4z0CvFAxyc27GXpf02","4uUAUqIfSomFTbbjGp3TYp","album","2014-10-27",2014,0.764,0.659,5,-6.136,1,0.0492,0.00463,0.00458,0.0915,0.525,119.982,"5nU5Y20xKhavEai4qqbHl3","https://api.spotify.com/v1/audio-analysis/5nU5Y20xKhavEai4qqbHl3",4,1,247533,FALSE,"https://api.spotify.com/v1/tracks/5nU5Y20xKhavEai4qqbHl3","How You Get The Girl",NA,10,"track","spotify:track:5nU5Y20xKhavEai4qqbHl3","1989","F","major","F major"
"517","Taylor Swift","06HL4z0CvFAxyc27GXpf02","4uUAUqIfSomFTbbjGp3TYp","album","2014-10-27",2014,0.485,0.459,4,-8.768,1,0.0337,0.635,0,0.101,0.0858,71.981,"1LAsr8OiF3et5bPZ7o9jsZ","https://api.spotify.com/v1/audio-analysis/1LAsr8OiF3et5bPZ7o9jsZ",4,1,250093,FALSE,"https://api.spotify.com/v1/tracks/1LAsr8OiF3et5bPZ7o9jsZ","This Love",NA,11,"track","spotify:track:1LAsr8OiF3et5bPZ7o9jsZ","1989","E","major","E major"
"518","Taylor Swift","06HL4z0CvFAxyc27GXpf02","4uUAUqIfSomFTbbjGp3TYp","album","2014-10-27",2014,0.595,0.763,0,-4.991,1,0.0661,0.231,0,0.2,0.507,159.959,"3S9IvjroLrk0D8hBGOfC1h","https://api.spotify.com/v1/audio-analysis/3S9IvjroLrk0D8hBGOfC1h",4,1,195706,FALSE,"https://api.spotify.com/v1/tracks/3S9IvjroLrk0D8hBGOfC1h","I Know Places",NA,12,"track","spotify:track:3S9IvjroLrk0D8hBGOfC1h","1989","C","major","C major"
"519","Taylor Swift","06HL4z0CvFAxyc27GXpf02","4uUAUqIfSomFTbbjGp3TYp","album","2014-10-27",2014,0.81,0.38,4,-7.755,1,0.035,0.242,0,0.113,0.211,103.981,"1x6NaAEZYYGO95PekFcu5C","https://api.spotify.com/v1/audio-analysis/1x6NaAEZYYGO95PekFcu5C",4,1,271000,FALSE,"https://api.spotify.com/v1/tracks/1x6NaAEZYYGO95PekFcu5C","Clean",NA,13,"track","spotify:track:1x6NaAEZYYGO95PekFcu5C","1989","E","major","E major"
"689","Taylor Swift","06HL4z0CvFAxyc27GXpf02","1EoDsNmgTLtmwe1BDAVxV5","album","2012-10-22",2012,0.588,0.825,4,-5.882,1,0.0328,0.000197,0.00138,0.0885,0.397,129.968,"786NsUYn4GGUf8AOt0SQhP","https://api.spotify.com/v1/audio-analysis/786NsUYn4GGUf8AOt0SQhP",4,1,295186,FALSE,"https://api.spotify.com/v1/tracks/786NsUYn4GGUf8AOt0SQhP","State Of Grace",NA,1,"track","spotify:track:786NsUYn4GGUf8AOt0SQhP","Red","E","major","E major"
"690","Taylor Swift","06HL4z0CvFAxyc27GXpf02","1EoDsNmgTLtmwe1BDAVxV5","album","2012-10-22",2012,0.602,0.896,1,-4.267,0,0.0437,0.0773,8.87e-05,0.091,0.641,124.978,"0cITLOYn1Sv4q27zZPqlNK","https://api.spotify.com/v1/audio-analysis/0cITLOYn1Sv4q27zZPqlNK",4,1,220826,FALSE,"https://api.spotify.com/v1/tracks/0cITLOYn1Sv4q27zZPqlNK","Red",NA,2,"track","spotify:track:0cITLOYn1Sv4q27zZPqlNK","Red","C#","minor","C# minor"
"691","Taylor Swift","06HL4z0CvFAxyc27GXpf02","1EoDsNmgTLtmwe1BDAVxV5","album","2012-10-22",2012,0.705,0.621,2,-8.086,1,0.0334,0.101,4.3e-06,0.147,0.395,109.993,"5kYFVSQoPu7yRpfiHBwMUk","https://api.spotify.com/v1/audio-analysis/5kYFVSQoPu7yRpfiHBwMUk",4,1,240773,FALSE,"https://api.spotify.com/v1/tracks/5kYFVSQoPu7yRpfiHBwMUk","Treacherous",NA,3,"track","spotify:track:5kYFVSQoPu7yRpfiHBwMUk","Red","D","major","D major"
"692","Taylor Swift","06HL4z0CvFAxyc27GXpf02","1EoDsNmgTLtmwe1BDAVxV5","album","2012-10-22",2012,0.622,0.469,3,-6.798,0,0.0363,0.00454,2.25e-06,0.0398,0.679,77.019,"72jCZdH0Lhg93z6Z4hBjgj","https://api.spotify.com/v1/audio-analysis/72jCZdH0Lhg93z6Z4hBjgj",4,1,217973,FALSE,"https://api.spotify.com/v1/tracks/72jCZdH0Lhg93z6Z4hBjgj","I Knew You Were Trouble.",NA,4,"track","spotify:track:72jCZdH0Lhg93z6Z4hBjgj","Red","D#","minor","D# minor"
"693","Taylor Swift","06HL4z0CvFAxyc27GXpf02","1EoDsNmgTLtmwe1BDAVxV5","album","2012-10-22",2012,0.602,0.609,0,-7.803,1,0.0243,0.0382,2e-04,0.127,0.337,93.06,"4XMP3zVxrnr58T0tjIHvpR","https://api.spotify.com/v1/audio-analysis/4XMP3zVxrnr58T0tjIHvpR",4,1,327893,FALSE,"https://api.spotify.com/v1/tracks/4XMP3zVxrnr58T0tjIHvpR","All Too Well",NA,5,"track","spotify:track:4XMP3zVxrnr58T0tjIHvpR","Red","C","major","C major"
"694","Taylor Swift","06HL4z0CvFAxyc27GXpf02","1EoDsNmgTLtmwe1BDAVxV5","album","2012-10-22",2012,0.658,0.729,7,-6.561,1,0.0378,0.00215,0.0013,0.0752,0.668,104.007,"2ULNeSomDxVNmdDy8VxEBU","https://api.spotify.com/v1/audio-analysis/2ULNeSomDxVNmdDy8VxEBU",4,1,230133,FALSE,"https://api.spotify.com/v1/tracks/2ULNeSomDxVNmdDy8VxEBU","22",NA,6,"track","spotify:track:2ULNeSomDxVNmdDy8VxEBU","Red","G","major","G major"
"695","Taylor Swift","06HL4z0CvFAxyc27GXpf02","1EoDsNmgTLtmwe1BDAVxV5","album","2012-10-22",2012,0.567,0.481,4,-7.357,1,0.027,0.0173,4.13e-05,0.182,0.233,145.865,"5VwFkx7JOimOGTYfha5rs1","https://api.spotify.com/v1/audio-analysis/5VwFkx7JOimOGTYfha5rs1",4,1,242573,FALSE,"https://api.spotify.com/v1/tracks/5VwFkx7JOimOGTYfha5rs1","I Almost Do",NA,7,"track","spotify:track:5VwFkx7JOimOGTYfha5rs1","Red","E","major","E major"
"696","Taylor Swift","06HL4z0CvFAxyc27GXpf02","1EoDsNmgTLtmwe1BDAVxV5","album","2012-10-22",2012,0.628,0.676,7,-5.911,1,0.0916,0.00957,2.65e-05,0.102,0.75,85.984,"7AEAGTc8cReDqcbPoY9gwo","https://api.spotify.com/v1/audio-analysis/7AEAGTc8cReDqcbPoY9gwo",4,1,191880,FALSE,"https://api.spotify.com/v1/tracks/7AEAGTc8cReDqcbPoY9gwo","We Are Never Ever Getting Back Together",NA,8,"track","spotify:track:7AEAGTc8cReDqcbPoY9gwo","Red","G","major","G major"
"697","Taylor Swift","06HL4z0CvFAxyc27GXpf02","1EoDsNmgTLtmwe1BDAVxV5","album","2012-10-22",2012,0.729,0.748,0,-6.67,1,0.0245,0.307,1.29e-06,0.09,0.928,99.981,"1qLeEu4iXEclkLwoBlMiou","https://api.spotify.com/v1/audio-analysis/1qLeEu4iXEclkLwoBlMiou",4,1,204826,FALSE,"https://api.spotify.com/v1/tracks/1qLeEu4iXEclkLwoBlMiou","Stay Stay Stay",NA,9,"track","spotify:track:1qLeEu4iXEclkLwoBlMiou","Red","C","major","C major"
"698","Taylor Swift","06HL4z0CvFAxyc27GXpf02","1EoDsNmgTLtmwe1BDAVxV5","album","2012-10-22",2012,0.505,0.443,2,-7.039,1,0.0276,0.035,3.15e-06,0.0921,0.123,94.069,"3n9mzjgAzjyKawvbHzciXF","https://api.spotify.com/v1/audio-analysis/3n9mzjgAzjyKawvbHzciXF",4,1,298293,FALSE,"https://api.spotify.com/v1/tracks/3n9mzjgAzjyKawvbHzciXF","The Last Time",NA,10,"track","spotify:track:3n9mzjgAzjyKawvbHzciXF","Red","D","major","D major"
"699","Taylor Swift","06HL4z0CvFAxyc27GXpf02","1EoDsNmgTLtmwe1BDAVxV5","album","2012-10-22",2012,0.627,0.816,4,-6.698,1,0.0774,0.0162,0.00208,0.0966,0.648,157.043,"1fGsZsIkQkOspfsT24nQP6","https://api.spotify.com/v1/audio-analysis/1fGsZsIkQkOspfsT24nQP6",4,1,201853,FALSE,"https://api.spotify.com/v1/tracks/1fGsZsIkQkOspfsT24nQP6","Holy Ground",NA,11,"track","spotify:track:1fGsZsIkQkOspfsT24nQP6","Red","E","major","E major"
"700","Taylor Swift","06HL4z0CvFAxyc27GXpf02","1EoDsNmgTLtmwe1BDAVxV5","album","2012-10-22",2012,0.624,0.34,7,-12.411,1,0.029,0.632,0.0337,0.121,0.261,129.987,"6LKjHhOW1az75pCQ9XJJtF","https://api.spotify.com/v1/audio-analysis/6LKjHhOW1az75pCQ9XJJtF",3,1,283680,FALSE,"https://api.spotify.com/v1/tracks/6LKjHhOW1az75pCQ9XJJtF","Sad Beautiful Tragic",NA,12,"track","spotify:track:6LKjHhOW1az75pCQ9XJJtF","Red","G","major","G major"
"701","Taylor Swift","06HL4z0CvFAxyc27GXpf02","1EoDsNmgTLtmwe1BDAVxV5","album","2012-10-22",2012,0.706,0.499,4,-7.675,1,0.0369,0.0371,0,0.132,0.545,117.937,"2X2J0BhxaLTmnxO4pPUhSd","https://api.spotify.com/v1/audio-analysis/2X2J0BhxaLTmnxO4pPUhSd",4,1,240133,FALSE,"https://api.spotify.com/v1/tracks/2X2J0BhxaLTmnxO4pPUhSd","The Lucky One",NA,13,"track","spotify:track:2X2J0BhxaLTmnxO4pPUhSd","Red","E","major","E major"
"702","Taylor Swift","06HL4z0CvFAxyc27GXpf02","1EoDsNmgTLtmwe1BDAVxV5","album","2012-10-22",2012,0.624,0.458,6,-6.755,1,0.0287,0.36,3.89e-06,0.303,0.436,80.017,"4NAmRvqSITAAzKWnC8yRq3","https://api.spotify.com/v1/audio-analysis/4NAmRvqSITAAzKWnC8yRq3",4,1,243933,FALSE,"https://api.spotify.com/v1/tracks/4NAmRvqSITAAzKWnC8yRq3","Everything Has Changed",NA,14,"track","spotify:track:4NAmRvqSITAAzKWnC8yRq3","Red","F#","major","F# major"
"703","Taylor Swift","06HL4z0CvFAxyc27GXpf02","1EoDsNmgTLtmwe1BDAVxV5","album","2012-10-22",2012,0.649,0.777,9,-5.804,1,0.0406,0.0213,0.000335,0.221,0.587,126.018,"7MecVsMj22MneZt7kVFaCr","https://api.spotify.com/v1/audio-analysis/7MecVsMj22MneZt7kVFaCr",4,1,217826,FALSE,"https://api.spotify.com/v1/tracks/7MecVsMj22MneZt7kVFaCr","Starlight",NA,15,"track","spotify:track:7MecVsMj22MneZt7kVFaCr","Red","A","major","A major"
"704","Taylor Swift","06HL4z0CvFAxyc27GXpf02","1EoDsNmgTLtmwe1BDAVxV5","album","2012-10-22",2012,0.53,0.526,7,-8.349,1,0.0263,0.199,3.52e-06,0.232,0.323,79.025,"0L4YCNRfXAoTvdpWeH2RGj","https://api.spotify.com/v1/audio-analysis/0L4YCNRfXAoTvdpWeH2RGj",4,1,237613,FALSE,"https://api.spotify.com/v1/tracks/0L4YCNRfXAoTvdpWeH2RGj","Begin Again",NA,16,"track","spotify:track:0L4YCNRfXAoTvdpWeH2RGj","Red","G","major","G major"
"861","Taylor Swift","06HL4z0CvFAxyc27GXpf02","5MfAxS5zz8MlfROjGQVXhy","album","2010-10-25",2010,0.624,0.757,7,-2.94,1,0.0296,0.00265,1.87e-06,0.189,0.658,121.07,"0dBW6ZsW8skfvoRfgeerBF","https://api.spotify.com/v1/audio-analysis/0dBW6ZsW8skfvoRfgeerBF",4,1,230706,FALSE,"https://api.spotify.com/v1/tracks/0dBW6ZsW8skfvoRfgeerBF","Mine",NA,1,"track","spotify:track:0dBW6ZsW8skfvoRfgeerBF","Speak Now","G","major","G major"
"862","Taylor Swift","06HL4z0CvFAxyc27GXpf02","5MfAxS5zz8MlfROjGQVXhy","album","2010-10-25",2010,0.605,0.787,5,-3.002,1,0.0308,0.0396,1.42e-06,0.163,0.374,114.987,"6d9IiDcFxtFVIvt9pCqyGH","https://api.spotify.com/v1/audio-analysis/6d9IiDcFxtFVIvt9pCqyGH",4,1,260933,FALSE,"https://api.spotify.com/v1/tracks/6d9IiDcFxtFVIvt9pCqyGH","Sparks Fly",NA,2,"track","spotify:track:6d9IiDcFxtFVIvt9pCqyGH","Speak Now","F","major","F major"
"863","Taylor Swift","06HL4z0CvFAxyc27GXpf02","5MfAxS5zz8MlfROjGQVXhy","album","2010-10-25",2010,0.529,0.67,2,-4.663,1,0.0303,0.117,0,0.334,0.286,141.893,"3DrjZArsPsoqbLzUZZV1Id","https://api.spotify.com/v1/audio-analysis/3DrjZArsPsoqbLzUZZV1Id",4,1,293026,FALSE,"https://api.spotify.com/v1/tracks/3DrjZArsPsoqbLzUZZV1Id","Back To December",NA,3,"track","spotify:track:3DrjZArsPsoqbLzUZZV1Id","Speak Now","D","major","D major"
"864","Taylor Swift","06HL4z0CvFAxyc27GXpf02","5MfAxS5zz8MlfROjGQVXhy","album","2010-10-25",2010,0.709,0.599,7,-3.734,1,0.0304,0.095,0,0.0973,0.735,118.975,"24DefNCFiWTP8OjYWiXuYe","https://api.spotify.com/v1/audio-analysis/24DefNCFiWTP8OjYWiXuYe",4,1,240760,FALSE,"https://api.spotify.com/v1/tracks/24DefNCFiWTP8OjYWiXuYe","Speak Now",NA,4,"track","spotify:track:24DefNCFiWTP8OjYWiXuYe","Speak Now","G","major","G major"
"865","Taylor Swift","06HL4z0CvFAxyc27GXpf02","5MfAxS5zz8MlfROjGQVXhy","album","2010-10-25",2010,0.589,0.47,4,-5.32,1,0.028,0.166,1.45e-06,0.112,0.102,119.386,"7hZuICN5eaCuQyp443RCt6","https://api.spotify.com/v1/audio-analysis/7hZuICN5eaCuQyp443RCt6",3,1,403920,FALSE,"https://api.spotify.com/v1/tracks/7hZuICN5eaCuQyp443RCt6","Dear John",NA,5,"track","spotify:track:7hZuICN5eaCuQyp443RCt6","Speak Now","E","major","E major"
"866","Taylor Swift","06HL4z0CvFAxyc27GXpf02","5MfAxS5zz8MlfROjGQVXhy","album","2010-10-25",2010,0.568,0.761,4,-3.987,1,0.0459,0.452,0,0.217,0.789,163.974,"5yEPktRqvIhko5QFF3aBhQ","https://api.spotify.com/v1/audio-analysis/5yEPktRqvIhko5QFF3aBhQ",4,1,237733,FALSE,"https://api.spotify.com/v1/tracks/5yEPktRqvIhko5QFF3aBhQ","Mean",NA,6,"track","spotify:track:5yEPktRqvIhko5QFF3aBhQ","Speak Now","E","major","E major"
"867","Taylor Swift","06HL4z0CvFAxyc27GXpf02","5MfAxS5zz8MlfROjGQVXhy","album","2010-10-25",2010,0.543,0.818,4,-3.611,1,0.0398,0.00478,0.000368,0.0357,0.683,139.898,"3RBluWmSoG2pGA1OePzGJI","https://api.spotify.com/v1/audio-analysis/3RBluWmSoG2pGA1OePzGJI",4,1,265666,FALSE,"https://api.spotify.com/v1/tracks/3RBluWmSoG2pGA1OePzGJI","The Story Of Us",NA,7,"track","spotify:track:3RBluWmSoG2pGA1OePzGJI","Speak Now","E","major","E major"
"868","Taylor Swift","06HL4z0CvFAxyc27GXpf02","5MfAxS5zz8MlfROjGQVXhy","album","2010-10-25",2010,0.714,0.305,2,-8.837,1,0.0305,0.819,0,0.174,0.554,124.91,"1wJL1A0QUHJPf2cm7tsrdw","https://api.spotify.com/v1/audio-analysis/1wJL1A0QUHJPf2cm7tsrdw",4,1,290466,FALSE,"https://api.spotify.com/v1/tracks/1wJL1A0QUHJPf2cm7tsrdw","Never Grow Up",NA,8,"track","spotify:track:1wJL1A0QUHJPf2cm7tsrdw","Speak Now","D","major","D major"
"869","Taylor Swift","06HL4z0CvFAxyc27GXpf02","5MfAxS5zz8MlfROjGQVXhy","album","2010-10-25",2010,0.455,0.623,8,-3.878,1,0.0288,0.0739,0.000424,0.146,0.208,163.893,"10eBRyImhfqVvkiVEGf0N0","https://api.spotify.com/v1/audio-analysis/10eBRyImhfqVvkiVEGf0N0",4,1,352186,FALSE,"https://api.spotify.com/v1/tracks/10eBRyImhfqVvkiVEGf0N0","Enchanted",NA,9,"track","spotify:track:10eBRyImhfqVvkiVEGf0N0","Speak Now","G#","major","G# major"
"870","Taylor Swift","06HL4z0CvFAxyc27GXpf02","5MfAxS5zz8MlfROjGQVXhy","album","2010-10-25",2010,0.516,0.917,11,-3.186,0,0.0827,0.0139,6.37e-06,0.36,0.635,145.821,"2ythurkTtSiyfK7GprJoFW","https://api.spotify.com/v1/audio-analysis/2ythurkTtSiyfK7GprJoFW",4,1,217160,FALSE,"https://api.spotify.com/v1/tracks/2ythurkTtSiyfK7GprJoFW","Better Than Revenge",NA,10,"track","spotify:track:2ythurkTtSiyfK7GprJoFW","Speak Now","B","minor","B minor"
"871","Taylor Swift","06HL4z0CvFAxyc27GXpf02","5MfAxS5zz8MlfROjGQVXhy","album","2010-10-25",2010,0.552,0.608,1,-5.29,0,0.0259,0.186,0,0.125,0.17,134.05,"5GPwN5iZ9ZMSXAkppj4Uvv","https://api.spotify.com/v1/audio-analysis/5GPwN5iZ9ZMSXAkppj4Uvv",4,1,302253,FALSE,"https://api.spotify.com/v1/tracks/5GPwN5iZ9ZMSXAkppj4Uvv","Innocent",NA,11,"track","spotify:track:5GPwN5iZ9ZMSXAkppj4Uvv","Speak Now","C#","minor","C# minor"
"872","Taylor Swift","06HL4z0CvFAxyc27GXpf02","5MfAxS5zz8MlfROjGQVXhy","album","2010-10-25",2010,0.436,0.95,5,-2.627,1,0.057,0.0826,1.08e-06,0.149,0.352,162.088,"28M2gifMU282QBM3fKajIS","https://api.spotify.com/v1/audio-analysis/28M2gifMU282QBM3fKajIS",4,1,242080,FALSE,"https://api.spotify.com/v1/tracks/28M2gifMU282QBM3fKajIS","Haunted",NA,12,"track","spotify:track:28M2gifMU282QBM3fKajIS","Speak Now","F","major","F major"
"873","Taylor Swift","06HL4z0CvFAxyc27GXpf02","5MfAxS5zz8MlfROjGQVXhy","album","2010-10-25",2010,0.371,0.341,10,-9.475,1,0.0319,0.57,3.09e-05,0.101,0.196,89.038,"4h0EXpatqJImv4VRgvX6po","https://api.spotify.com/v1/audio-analysis/4h0EXpatqJImv4VRgvX6po",1,1,367133,FALSE,"https://api.spotify.com/v1/tracks/4h0EXpatqJImv4VRgvX6po","Last Kiss",NA,13,"track","spotify:track:4h0EXpatqJImv4VRgvX6po","Speak Now","A#","major","A# major"
"874","Taylor Swift","06HL4z0CvFAxyc27GXpf02","5MfAxS5zz8MlfROjGQVXhy","album","2010-10-25",2010,0.418,0.68,7,-4.3,1,0.0346,0.036,7.59e-05,0.108,0.142,204.125,"6XDBA3QWX51lDJ0oZbaJJN","https://api.spotify.com/v1/audio-analysis/6XDBA3QWX51lDJ0oZbaJJN",4,1,317946,FALSE,"https://api.spotify.com/v1/tracks/6XDBA3QWX51lDJ0oZbaJJN","Long Live",NA,14,"track","spotify:track:6XDBA3QWX51lDJ0oZbaJJN","Speak Now","G","major","G major"
"875","Taylor Swift","06HL4z0CvFAxyc27GXpf02","6Ar2o9KCqcyYF9J0aQP3au","album","2010-10-25",2010,0.696,0.768,7,-3.863,1,0.0308,0.00461,1.21e-06,0.101,0.692,121.05,"0GxW5K0qzrq7L1jwSY5OmY","https://api.spotify.com/v1/audio-analysis/0GxW5K0qzrq7L1jwSY5OmY",4,1,230546,FALSE,"https://api.spotify.com/v1/tracks/0GxW5K0qzrq7L1jwSY5OmY","Mine - POP Mix",NA,1,"track","spotify:track:0GxW5K0qzrq7L1jwSY5OmY","Speak Now","G","major","G major"
"876","Taylor Swift","06HL4z0CvFAxyc27GXpf02","6Ar2o9KCqcyYF9J0aQP3au","album","2010-10-25",2010,0.608,0.785,5,-2.976,1,0.0311,0.0387,0,0.158,0.376,114.985,"46NGAvL695VnbcSeTmQWmM","https://api.spotify.com/v1/audio-analysis/46NGAvL695VnbcSeTmQWmM",4,1,260946,FALSE,"https://api.spotify.com/v1/tracks/46NGAvL695VnbcSeTmQWmM","Sparks Fly",NA,2,"track","spotify:track:46NGAvL695VnbcSeTmQWmM","Speak Now","F","major","F major"
"877","Taylor Swift","06HL4z0CvFAxyc27GXpf02","6Ar2o9KCqcyYF9J0aQP3au","album","2010-10-25",2010,0.517,0.606,2,-5.797,1,0.0289,0.0202,0,0.324,0.296,141.929,"5l6GqSxplqnZbLg0LTPQeG","https://api.spotify.com/v1/audio-analysis/5l6GqSxplqnZbLg0LTPQeG",4,1,293040,FALSE,"https://api.spotify.com/v1/tracks/5l6GqSxplqnZbLg0LTPQeG","Back To December",NA,3,"track","spotify:track:5l6GqSxplqnZbLg0LTPQeG","Speak Now","D","major","D major"
"878","Taylor Swift","06HL4z0CvFAxyc27GXpf02","6Ar2o9KCqcyYF9J0aQP3au","album","2010-10-25",2010,0.708,0.601,7,-3.75,1,0.0306,0.101,0,0.0979,0.742,118.962,"7dXKdjpOaH2iwfFKmUj7aq","https://api.spotify.com/v1/audio-analysis/7dXKdjpOaH2iwfFKmUj7aq",4,1,240773,FALSE,"https://api.spotify.com/v1/tracks/7dXKdjpOaH2iwfFKmUj7aq","Speak Now",NA,4,"track","spotify:track:7dXKdjpOaH2iwfFKmUj7aq","Speak Now","G","major","G major"
"879","Taylor Swift","06HL4z0CvFAxyc27GXpf02","6Ar2o9KCqcyYF9J0aQP3au","album","2010-10-25",2010,0.583,0.468,4,-5.378,1,0.0278,0.183,1.65e-06,0.111,0.126,119.375,"3K2es3gElMRJ3qvmPW442g","https://api.spotify.com/v1/audio-analysis/3K2es3gElMRJ3qvmPW442g",3,1,403933,FALSE,"https://api.spotify.com/v1/tracks/3K2es3gElMRJ3qvmPW442g","Dear John",NA,5,"track","spotify:track:3K2es3gElMRJ3qvmPW442g","Speak Now","E","major","E major"
"880","Taylor Swift","06HL4z0CvFAxyc27GXpf02","6Ar2o9KCqcyYF9J0aQP3au","album","2010-10-25",2010,0.57,0.747,4,-3.978,1,0.0426,0.445,0,0.219,0.808,164.004,"0KztjtD3ytzgYjUKIVfBnW","https://api.spotify.com/v1/audio-analysis/0KztjtD3ytzgYjUKIVfBnW",4,1,237746,FALSE,"https://api.spotify.com/v1/tracks/0KztjtD3ytzgYjUKIVfBnW","Mean",NA,6,"track","spotify:track:0KztjtD3ytzgYjUKIVfBnW","Speak Now","E","major","E major"
"881","Taylor Swift","06HL4z0CvFAxyc27GXpf02","6Ar2o9KCqcyYF9J0aQP3au","album","2010-10-25",2010,0.575,0.855,9,-4.827,1,0.0467,0.000315,0.00161,0.0419,0.84,139.92,"3lXekiVK1ZPZbKconsys73","https://api.spotify.com/v1/audio-analysis/3lXekiVK1ZPZbKconsys73",4,1,265680,FALSE,"https://api.spotify.com/v1/tracks/3lXekiVK1ZPZbKconsys73","The Story Of Us",NA,7,"track","spotify:track:3lXekiVK1ZPZbKconsys73","Speak Now","A","major","A major"
"882","Taylor Swift","06HL4z0CvFAxyc27GXpf02","6Ar2o9KCqcyYF9J0aQP3au","album","2010-10-25",2010,0.715,0.308,2,-8.829,1,0.0305,0.829,0,0.16,0.547,124.899,"3JilapcaOXzjR9gtvCY8FO","https://api.spotify.com/v1/audio-analysis/3JilapcaOXzjR9gtvCY8FO",4,1,290480,FALSE,"https://api.spotify.com/v1/tracks/3JilapcaOXzjR9gtvCY8FO","Never Grow Up",NA,8,"track","spotify:track:3JilapcaOXzjR9gtvCY8FO","Speak Now","D","major","D major"
"883","Taylor Swift","06HL4z0CvFAxyc27GXpf02","6Ar2o9KCqcyYF9J0aQP3au","album","2010-10-25",2010,0.535,0.618,8,-3.913,1,0.0273,0.0716,0.000388,0.169,0.228,81.975,"04S1pkp1VaIqjg8zZqknR5","https://api.spotify.com/v1/audio-analysis/04S1pkp1VaIqjg8zZqknR5",4,1,352200,FALSE,"https://api.spotify.com/v1/tracks/04S1pkp1VaIqjg8zZqknR5","Enchanted",NA,9,"track","spotify:track:04S1pkp1VaIqjg8zZqknR5","Speak Now","G#","major","G# major"
"884","Taylor Swift","06HL4z0CvFAxyc27GXpf02","6Ar2o9KCqcyYF9J0aQP3au","album","2010-10-25",2010,0.519,0.917,11,-3.185,0,0.0887,0.0167,2.06e-05,0.359,0.652,145.882,"0PWgAyoxsjwGRuFSO0fyya","https://api.spotify.com/v1/audio-analysis/0PWgAyoxsjwGRuFSO0fyya",4,1,217173,FALSE,"https://api.spotify.com/v1/tracks/0PWgAyoxsjwGRuFSO0fyya","Better Than Revenge",NA,10,"track","spotify:track:0PWgAyoxsjwGRuFSO0fyya","Speak Now","B","minor","B minor"
"885","Taylor Swift","06HL4z0CvFAxyc27GXpf02","6Ar2o9KCqcyYF9J0aQP3au","album","2010-10-25",2010,0.553,0.604,1,-5.295,0,0.0258,0.202,0,0.125,0.186,133.989,"0mTgFzkDgSAF3nJY25XCXG","https://api.spotify.com/v1/audio-analysis/0mTgFzkDgSAF3nJY25XCXG",4,1,302266,FALSE,"https://api.spotify.com/v1/tracks/0mTgFzkDgSAF3nJY25XCXG","Innocent",NA,11,"track","spotify:track:0mTgFzkDgSAF3nJY25XCXG","Speak Now","C#","minor","C# minor"
"886","Taylor Swift","06HL4z0CvFAxyc27GXpf02","6Ar2o9KCqcyYF9J0aQP3au","album","2010-10-25",2010,0.434,0.944,5,-2.641,1,0.0581,0.0769,0,0.151,0.361,162.02,"2YjKcFQ1vYFhQPgsmCOjss","https://api.spotify.com/v1/audio-analysis/2YjKcFQ1vYFhQPgsmCOjss",4,1,242093,FALSE,"https://api.spotify.com/v1/tracks/2YjKcFQ1vYFhQPgsmCOjss","Haunted",NA,12,"track","spotify:track:2YjKcFQ1vYFhQPgsmCOjss","Speak Now","F","major","F major"
"887","Taylor Swift","06HL4z0CvFAxyc27GXpf02","6Ar2o9KCqcyYF9J0aQP3au","album","2010-10-25",2010,0.359,0.329,10,-9.531,1,0.0293,0.581,3.75e-05,0.0979,0.208,84.358,"4EUQXLipplO2v9mVaqQtjc","https://api.spotify.com/v1/audio-analysis/4EUQXLipplO2v9mVaqQtjc",3,1,367146,FALSE,"https://api.spotify.com/v1/tracks/4EUQXLipplO2v9mVaqQtjc","Last Kiss",NA,13,"track","spotify:track:4EUQXLipplO2v9mVaqQtjc","Speak Now","A#","major","A# major"
"888","Taylor Swift","06HL4z0CvFAxyc27GXpf02","6Ar2o9KCqcyYF9J0aQP3au","album","2010-10-25",2010,0.412,0.682,7,-4.319,1,0.0339,0.0426,7.47e-05,0.106,0.146,203.959,"4ewAfHYpDTzpW1GKO44CVP","https://api.spotify.com/v1/audio-analysis/4ewAfHYpDTzpW1GKO44CVP",4,1,317960,FALSE,"https://api.spotify.com/v1/tracks/4ewAfHYpDTzpW1GKO44CVP","Long Live",NA,14,"track","spotify:track:4ewAfHYpDTzpW1GKO44CVP","Speak Now","G","major","G major"
"1001","Taylor Swift","06HL4z0CvFAxyc27GXpf02","3Mvk2LKxfhc2KVSnDYC40I","album","2008-11-11",2008,0.598,0.705,5,-4.394,1,0.0275,0.037,0,0.304,0.433,100.019,"2gtEqWfjIa9j4qfsHcDVl5","https://api.spotify.com/v1/audio-analysis/2gtEqWfjIa9j4qfsHcDVl5",4,1,242826,FALSE,"https://api.spotify.com/v1/tracks/2gtEqWfjIa9j4qfsHcDVl5","Fearless",NA,1,"track","spotify:track:2gtEqWfjIa9j4qfsHcDVl5","Fearless","F","major","F major"
"1002","Taylor Swift","06HL4z0CvFAxyc27GXpf02","3Mvk2LKxfhc2KVSnDYC40I","album","2008-11-11",2008,0.56,0.636,7,-4.453,1,0.0262,0.0602,0,0.148,0.209,95.431,"6ZeKYXZ6esPjpuHwCtUiZh","https://api.spotify.com/v1/audio-analysis/6ZeKYXZ6esPjpuHwCtUiZh",4,1,294880,FALSE,"https://api.spotify.com/v1/tracks/6ZeKYXZ6esPjpuHwCtUiZh","Fifteen",NA,2,"track","spotify:track:6ZeKYXZ6esPjpuHwCtUiZh","Fearless","G","major","G major"
"1003","Taylor Swift","06HL4z0CvFAxyc27GXpf02","3Mvk2LKxfhc2KVSnDYC40I","album","2008-11-11",2008,0.622,0.637,2,-5.401,1,0.0289,0.021,0.000144,0.189,0.291,119.054,"6SgBWLgjMQdoVQytBgATGx","https://api.spotify.com/v1/audio-analysis/6SgBWLgjMQdoVQytBgATGx",4,1,234213,FALSE,"https://api.spotify.com/v1/tracks/6SgBWLgjMQdoVQytBgATGx","Love Story",NA,3,"track","spotify:track:6SgBWLgjMQdoVQytBgATGx","Fearless","D","major","D major"
"1004","Taylor Swift","06HL4z0CvFAxyc27GXpf02","3Mvk2LKxfhc2KVSnDYC40I","album","2008-11-11",2008,0.843,0.555,6,-7.359,1,0.0316,0.177,1.34e-06,0.0977,0.815,116.001,"18kSJU5j2OsV8ZX0zmpsXg","https://api.spotify.com/v1/audio-analysis/18kSJU5j2OsV8ZX0zmpsXg",4,1,254826,FALSE,"https://api.spotify.com/v1/tracks/18kSJU5j2OsV8ZX0zmpsXg","Hey Stephen",NA,4,"track","spotify:track:18kSJU5j2OsV8ZX0zmpsXg","Fearless","F#","major","F# major"
"1005","Taylor Swift","06HL4z0CvFAxyc27GXpf02","3Mvk2LKxfhc2KVSnDYC40I","album","2008-11-11",2008,0.578,0.349,0,-8.025,1,0.0257,0.318,0,0.1,0.247,92.354,"0gN8ygx9vjsfdnc3VyNtZf","https://api.spotify.com/v1/audio-analysis/0gN8ygx9vjsfdnc3VyNtZf",4,1,234906,FALSE,"https://api.spotify.com/v1/tracks/0gN8ygx9vjsfdnc3VyNtZf","White Horse",NA,5,"track","spotify:track:0gN8ygx9vjsfdnc3VyNtZf","Fearless","C","major","C major"
"1006","Taylor Swift","06HL4z0CvFAxyc27GXpf02","3Mvk2LKxfhc2KVSnDYC40I","album","2008-11-11",2008,0.688,0.765,6,-4.451,1,0.0387,0.16,1.78e-05,0.103,0.431,129.967,"7wbATZinTGleK7zhZJs4Yq","https://api.spotify.com/v1/audio-analysis/7wbATZinTGleK7zhZJs4Yq",4,1,231453,FALSE,"https://api.spotify.com/v1/tracks/7wbATZinTGleK7zhZJs4Yq","You Belong With Me",NA,6,"track","spotify:track:7wbATZinTGleK7zhZJs4Yq","Fearless","F#","major","F# major"
"1007","Taylor Swift","06HL4z0CvFAxyc27GXpf02","3Mvk2LKxfhc2KVSnDYC40I","album","2008-11-11",2008,0.491,0.479,1,-7.396,1,0.0269,0.395,0,0.122,0.16,148.305,"2dlXHfyg1rKCtDYavtuRZT","https://api.spotify.com/v1/audio-analysis/2dlXHfyg1rKCtDYavtuRZT",4,1,264373,FALSE,"https://api.spotify.com/v1/tracks/2dlXHfyg1rKCtDYavtuRZT","Breathe",NA,7,"track","spotify:track:2dlXHfyg1rKCtDYavtuRZT","Fearless","C#","major","C# major"
"1008","Taylor Swift","06HL4z0CvFAxyc27GXpf02","3Mvk2LKxfhc2KVSnDYC40I","album","2008-11-11",2008,0.606,0.85,7,-3.057,1,0.038,0.0689,2.96e-06,0.363,0.512,99.978,"0w09meSaEdiMqYqb5y6w62","https://api.spotify.com/v1/audio-analysis/0w09meSaEdiMqYqb5y6w62",4,1,200906,FALSE,"https://api.spotify.com/v1/tracks/0w09meSaEdiMqYqb5y6w62","Tell Me Why",NA,8,"track","spotify:track:0w09meSaEdiMqYqb5y6w62","Fearless","G","major","G major"
"1009","Taylor Swift","06HL4z0CvFAxyc27GXpf02","3Mvk2LKxfhc2KVSnDYC40I","album","2008-11-11",2008,0.467,0.456,6,-4.155,1,0.0271,0.158,0,0.111,0.252,134.059,"0VcFAmEODhbIL9Sx2zufia","https://api.spotify.com/v1/audio-analysis/0VcFAmEODhbIL9Sx2zufia",4,1,262173,FALSE,"https://api.spotify.com/v1/tracks/0VcFAmEODhbIL9Sx2zufia","You're Not Sorry",NA,9,"track","spotify:track:0VcFAmEODhbIL9Sx2zufia","Fearless","F#","major","F# major"
"1010","Taylor Swift","06HL4z0CvFAxyc27GXpf02","3Mvk2LKxfhc2KVSnDYC40I","album","2008-11-11",2008,0.433,0.723,5,-3.751,1,0.0352,0.0345,0,0.125,0.406,160.92,"31ST0tkNT35SKBxuZzslIn","https://api.spotify.com/v1/audio-analysis/31ST0tkNT35SKBxuZzslIn",4,1,244573,FALSE,"https://api.spotify.com/v1/tracks/31ST0tkNT35SKBxuZzslIn","The Way I Loved You",NA,10,"track","spotify:track:31ST0tkNT35SKBxuZzslIn","Fearless","F","major","F major"
"1011","Taylor Swift","06HL4z0CvFAxyc27GXpf02","3Mvk2LKxfhc2KVSnDYC40I","album","2008-11-11",2008,0.607,0.826,10,-4.989,1,0.0584,0.0767,0,0.104,0.501,128.048,"1sJUslPI3S0J6Nt9SimOam","https://api.spotify.com/v1/audio-analysis/1sJUslPI3S0J6Nt9SimOam",4,1,225786,FALSE,"https://api.spotify.com/v1/tracks/1sJUslPI3S0J6Nt9SimOam","Forever & Always",NA,11,"track","spotify:track:1sJUslPI3S0J6Nt9SimOam","Fearless","A#","major","A# major"
"1012","Taylor Swift","06HL4z0CvFAxyc27GXpf02","3Mvk2LKxfhc2KVSnDYC40I","album","2008-11-11",2008,0.667,0.447,1,-8.572,1,0.0285,0.637,4.65e-06,0.138,0.36,126.189,"15STJF07U03vBZsQeSKEuZ","https://api.spotify.com/v1/audio-analysis/15STJF07U03vBZsQeSKEuZ",4,1,245666,FALSE,"https://api.spotify.com/v1/tracks/15STJF07U03vBZsQeSKEuZ","The Best Day",NA,12,"track","spotify:track:15STJF07U03vBZsQeSKEuZ","Fearless","C#","major","C# major"
"1013","Taylor Swift","06HL4z0CvFAxyc27GXpf02","3Mvk2LKxfhc2KVSnDYC40I","album","2008-11-11",2008,0.536,0.768,5,-4.157,1,0.0361,0.00454,0,0.106,0.237,95.996,"2NwFRzJy5jbOAqXi7oWvdO","https://api.spotify.com/v1/audio-analysis/2NwFRzJy5jbOAqXi7oWvdO",4,1,280333,FALSE,"https://api.spotify.com/v1/tracks/2NwFRzJy5jbOAqXi7oWvdO","Change",NA,13,"track","spotify:track:2NwFRzJy5jbOAqXi7oWvdO","Fearless","F","major","F major"
"1014","Taylor Swift","06HL4z0CvFAxyc27GXpf02","3Mvk2LKxfhc2KVSnDYC40I","album","2008-11-11",2008,0.504,0.7,2,-4.826,1,0.0326,0.00623,1.24e-06,0.342,0.63,177.822,"11ajndHCF1bP989GgGIZUD","https://api.spotify.com/v1/audio-analysis/11ajndHCF1bP989GgGIZUD",4,1,200200,FALSE,"https://api.spotify.com/v1/tracks/11ajndHCF1bP989GgGIZUD","Our Song",NA,14,"track","spotify:track:11ajndHCF1bP989GgGIZUD","Fearless","D","major","D major"
"1015","Taylor Swift","06HL4z0CvFAxyc27GXpf02","3Mvk2LKxfhc2KVSnDYC40I","album","2008-11-11",2008,0.513,0.547,10,-6.289,1,0.0257,0.017,0.00637,0.117,0.154,99.942,"60oZARTE1kCh5ntBfeO1XB","https://api.spotify.com/v1/audio-analysis/60oZARTE1kCh5ntBfeO1XB",4,1,194720,FALSE,"https://api.spotify.com/v1/tracks/60oZARTE1kCh5ntBfeO1XB","Teardrops On My Guitar",NA,15,"track","spotify:track:60oZARTE1kCh5ntBfeO1XB","Fearless","A#","major","A# major"
"1016","Taylor Swift","06HL4z0CvFAxyc27GXpf02","3Mvk2LKxfhc2KVSnDYC40I","album","2008-11-11",2008,0.4,0.762,4,-4.411,0,0.039,0.00588,9.59e-05,0.277,0.437,168.137,"2zY1HG9UDD2dKiS3IgUyeO","https://api.spotify.com/v1/audio-analysis/2zY1HG9UDD2dKiS3IgUyeO",4,1,244333,FALSE,"https://api.spotify.com/v1/tracks/2zY1HG9UDD2dKiS3IgUyeO","Should've Said No",NA,16,"track","spotify:track:2zY1HG9UDD2dKiS3IgUyeO","Fearless","E","minor","E minor"
"1017","Taylor Swift","06HL4z0CvFAxyc27GXpf02","3Mvk2LKxfhc2KVSnDYC40I","album","2008-11-11",2008,0.529,0.7,3,-3.303,1,0.026,0.383,0,0.0967,0.372,96.019,"1a5kAD0K7zijLlZokbRDe2","https://api.spotify.com/v1/audio-analysis/1a5kAD0K7zijLlZokbRDe2",4,1,179240,FALSE,"https://api.spotify.com/v1/tracks/1a5kAD0K7zijLlZokbRDe2","Beautiful Eyes",NA,17,"track","spotify:track:1a5kAD0K7zijLlZokbRDe2","Fearless","D#","major","D# major"
"1018","Taylor Swift","06HL4z0CvFAxyc27GXpf02","3Mvk2LKxfhc2KVSnDYC40I","album","2008-11-11",2008,0.661,0.859,7,-2.445,1,0.0315,0.0803,0,0.0926,0.802,105.583,"3eappfX5EGKcctHz904vNj","https://api.spotify.com/v1/audio-analysis/3eappfX5EGKcctHz904vNj",4,1,173333,FALSE,"https://api.spotify.com/v1/tracks/3eappfX5EGKcctHz904vNj","Picture To Burn - Radio Edit",NA,18,"track","spotify:track:3eappfX5EGKcctHz904vNj","Fearless","G","major","G major"
"1019","Taylor Swift","06HL4z0CvFAxyc27GXpf02","3Mvk2LKxfhc2KVSnDYC40I","album","2008-11-11",2008,0.557,0.935,8,-3.694,1,0.0675,0.00498,0.000611,0.101,0.543,143.997,"0r5YYiLOct5O2NOKZ5ovaP","https://api.spotify.com/v1/audio-analysis/0r5YYiLOct5O2NOKZ5ovaP",4,1,214320,FALSE,"https://api.spotify.com/v1/tracks/0r5YYiLOct5O2NOKZ5ovaP","I'm Only Me When I'm With You",NA,19,"track","spotify:track:0r5YYiLOct5O2NOKZ5ovaP","Fearless","G#","major","G# major"
"1020","Taylor Swift","06HL4z0CvFAxyc27GXpf02","3Mvk2LKxfhc2KVSnDYC40I","album","2008-11-11",2008,0.706,0.818,7,-3.335,1,0.0267,0.0472,0,0.327,0.64,105.995,"2HxTSD72RBQR31HtyX72sf","https://api.spotify.com/v1/audio-analysis/2HxTSD72RBQR31HtyX72sf",4,1,197346,FALSE,"https://api.spotify.com/v1/tracks/2HxTSD72RBQR31HtyX72sf","I Heart ?",NA,20,"track","spotify:track:2HxTSD72RBQR31HtyX72sf","Fearless","G","major","G major"
"1165","Taylor Swift","06HL4z0CvFAxyc27GXpf02","1rwH2628RIOVM3WMwwO418","album","2008-01-01",2008,0.591,0.703,5,-4.376,1,0.0279,0.0365,0,0.307,0.442,100.036,"3SBGfIPUVlqt1YGxgZXoJ9","https://api.spotify.com/v1/audio-analysis/3SBGfIPUVlqt1YGxgZXoJ9",4,1,243093,FALSE,"https://api.spotify.com/v1/tracks/3SBGfIPUVlqt1YGxgZXoJ9","Fearless",NA,1,"track","spotify:track:3SBGfIPUVlqt1YGxgZXoJ9","Fearless","F","major","F major"
"1166","Taylor Swift","06HL4z0CvFAxyc27GXpf02","1rwH2628RIOVM3WMwwO418","album","2008-01-01",2008,0.559,0.627,7,-4.469,1,0.0264,0.0647,0,0.137,0.204,95.452,"3MXzl6hq3vSqB8ZlKVGkRi","https://api.spotify.com/v1/audio-analysis/3MXzl6hq3vSqB8ZlKVGkRi",4,1,295333,FALSE,"https://api.spotify.com/v1/tracks/3MXzl6hq3vSqB8ZlKVGkRi","Fifteen",NA,2,"track","spotify:track:3MXzl6hq3vSqB8ZlKVGkRi","Fearless","G","major","G major"
"1167","Taylor Swift","06HL4z0CvFAxyc27GXpf02","1rwH2628RIOVM3WMwwO418","album","2008-01-01",2008,0.616,0.738,2,-3.941,1,0.0311,0.153,0,0.0769,0.3,118.994,"7bad461siaxECNlaYsmIo6","https://api.spotify.com/v1/audio-analysis/7bad461siaxECNlaYsmIo6",4,1,236253,FALSE,"https://api.spotify.com/v1/tracks/7bad461siaxECNlaYsmIo6","Love Story",NA,3,"track","spotify:track:7bad461siaxECNlaYsmIo6","Fearless","D","major","D major"
"1168","Taylor Swift","06HL4z0CvFAxyc27GXpf02","1rwH2628RIOVM3WMwwO418","album","2008-01-01",2008,0.842,0.554,6,-7.355,1,0.0317,0.176,3.49e-06,0.0911,0.805,116.009,"4T6pHxntdd0SZrjKtt8nfM","https://api.spotify.com/v1/audio-analysis/4T6pHxntdd0SZrjKtt8nfM",4,1,256053,FALSE,"https://api.spotify.com/v1/tracks/4T6pHxntdd0SZrjKtt8nfM","Hey Stephen",NA,4,"track","spotify:track:4T6pHxntdd0SZrjKtt8nfM","Fearless","F#","major","F# major"
"1169","Taylor Swift","06HL4z0CvFAxyc27GXpf02","1rwH2628RIOVM3WMwwO418","album","2008-01-01",2008,0.581,0.342,0,-8.022,1,0.0259,0.286,0,0.101,0.212,92.166,"5GEPI2EfHqf6G1Ebibo5C5","https://api.spotify.com/v1/audio-analysis/5GEPI2EfHqf6G1Ebibo5C5",4,1,235400,FALSE,"https://api.spotify.com/v1/tracks/5GEPI2EfHqf6G1Ebibo5C5","White Horse",NA,5,"track","spotify:track:5GEPI2EfHqf6G1Ebibo5C5","Fearless","C","major","C major"
"1170","Taylor Swift","06HL4z0CvFAxyc27GXpf02","1rwH2628RIOVM3WMwwO418","album","2008-01-01",2008,0.687,0.755,6,-4.426,1,0.0385,0.157,1.09e-05,0.093,0.45,129.973,"3OaBCFROgrLRbZGCFP6E3M","https://api.spotify.com/v1/audio-analysis/3OaBCFROgrLRbZGCFP6E3M",4,1,232120,FALSE,"https://api.spotify.com/v1/tracks/3OaBCFROgrLRbZGCFP6E3M","You Belong With Me",NA,6,"track","spotify:track:3OaBCFROgrLRbZGCFP6E3M","Fearless","F#","major","F# major"
"1171","Taylor Swift","06HL4z0CvFAxyc27GXpf02","1rwH2628RIOVM3WMwwO418","album","2008-01-01",2008,0.497,0.48,1,-7.374,1,0.0269,0.377,0,0.118,0.169,147.96,"0ykAwrzigpz5BACbaUyDm3","https://api.spotify.com/v1/audio-analysis/0ykAwrzigpz5BACbaUyDm3",4,1,264946,FALSE,"https://api.spotify.com/v1/tracks/0ykAwrzigpz5BACbaUyDm3","Breathe",NA,7,"track","spotify:track:0ykAwrzigpz5BACbaUyDm3","Fearless","C#","major","C# major"
"1172","Taylor Swift","06HL4z0CvFAxyc27GXpf02","1rwH2628RIOVM3WMwwO418","album","2008-01-01",2008,0.603,0.839,7,-3.111,1,0.0384,0.0542,3.36e-06,0.353,0.49,100.074,"4xUskJSjCmC0kSi3JmjiIz","https://api.spotify.com/v1/audio-analysis/4xUskJSjCmC0kSi3JmjiIz",4,1,201533,FALSE,"https://api.spotify.com/v1/tracks/4xUskJSjCmC0kSi3JmjiIz","Tell Me Why",NA,8,"track","spotify:track:4xUskJSjCmC0kSi3JmjiIz","Fearless","G","major","G major"
"1173","Taylor Swift","06HL4z0CvFAxyc27GXpf02","1rwH2628RIOVM3WMwwO418","album","2008-01-01",2008,0.478,0.45,6,-4.153,1,0.0269,0.166,1.79e-06,0.114,0.273,133.932,"5kCqMXvv33WEcpb3Xvx1FZ","https://api.spotify.com/v1/audio-analysis/5kCqMXvv33WEcpb3Xvx1FZ",4,1,263200,FALSE,"https://api.spotify.com/v1/tracks/5kCqMXvv33WEcpb3Xvx1FZ","You're Not Sorry",NA,9,"track","spotify:track:5kCqMXvv33WEcpb3Xvx1FZ","Fearless","F#","major","F# major"
"1174","Taylor Swift","06HL4z0CvFAxyc27GXpf02","1rwH2628RIOVM3WMwwO418","album","2008-01-01",2008,0.446,0.705,5,-3.706,1,0.0335,0.0322,0,0.11,0.416,160.933,"4ONlmL2EYEryaJzmh9fG1o","https://api.spotify.com/v1/audio-analysis/4ONlmL2EYEryaJzmh9fG1o",4,1,245426,FALSE,"https://api.spotify.com/v1/tracks/4ONlmL2EYEryaJzmh9fG1o","The Way I Loved You",NA,10,"track","spotify:track:4ONlmL2EYEryaJzmh9fG1o","Fearless","F","major","F major"
"1175","Taylor Swift","06HL4z0CvFAxyc27GXpf02","1rwH2628RIOVM3WMwwO418","album","2008-01-01",2008,0.604,0.828,10,-4.976,1,0.0629,0.0871,0,0.106,0.515,128.024,"30oulfBS2vZcq1wQZPXlQo","https://api.spotify.com/v1/audio-analysis/30oulfBS2vZcq1wQZPXlQo",4,1,226293,FALSE,"https://api.spotify.com/v1/tracks/30oulfBS2vZcq1wQZPXlQo","Forever & Always",NA,11,"track","spotify:track:30oulfBS2vZcq1wQZPXlQo","Fearless","A#","major","A# major"
"1176","Taylor Swift","06HL4z0CvFAxyc27GXpf02","1rwH2628RIOVM3WMwwO418","album","2008-01-01",2008,0.665,0.445,1,-8.519,1,0.0288,0.636,3.71e-06,0.131,0.402,126.093,"6LAIapZk9Ozzhau5gBDNmi","https://api.spotify.com/v1/audio-analysis/6LAIapZk9Ozzhau5gBDNmi",4,1,246320,FALSE,"https://api.spotify.com/v1/tracks/6LAIapZk9Ozzhau5gBDNmi","The Best Day",NA,12,"track","spotify:track:6LAIapZk9Ozzhau5gBDNmi","Fearless","C#","major","C# major"
"1177","Taylor Swift","06HL4z0CvFAxyc27GXpf02","1rwH2628RIOVM3WMwwO418","album","2008-01-01",2008,0.541,0.753,5,-4.24,1,0.0373,0.00414,0,0.111,0.219,95.953,"4BuxFaXa4RblrdN57lWN6d","https://api.spotify.com/v1/audio-analysis/4BuxFaXa4RblrdN57lWN6d",4,1,280533,FALSE,"https://api.spotify.com/v1/tracks/4BuxFaXa4RblrdN57lWN6d","Change",NA,13,"track","spotify:track:4BuxFaXa4RblrdN57lWN6d","Fearless","F","major","F major"
"1178","Taylor Swift","06HL4z0CvFAxyc27GXpf02","5eyZZoQEFQWRHkV2xgAeBw","album","2006-10-24",2006,0.58,0.491,0,-6.462,1,0.0251,0.575,0,0.121,0.425,76.009,"2Fn01AIMyHbha2ceNQeOqw","https://api.spotify.com/v1/audio-analysis/2Fn01AIMyHbha2ceNQeOqw",4,1,232106,FALSE,"https://api.spotify.com/v1/tracks/2Fn01AIMyHbha2ceNQeOqw","Tim McGraw",NA,1,"track","spotify:track:2Fn01AIMyHbha2ceNQeOqw","Taylor Swift","C","major","C major"
"1179","Taylor Swift","06HL4z0CvFAxyc27GXpf02","5eyZZoQEFQWRHkV2xgAeBw","album","2006-10-24",2006,0.658,0.877,7,-2.098,1,0.0323,0.173,0,0.0962,0.821,105.586,"4BYejINgfZF0qKDMEH2cim","https://api.spotify.com/v1/audio-analysis/4BYejINgfZF0qKDMEH2cim",4,1,173066,FALSE,"https://api.spotify.com/v1/tracks/4BYejINgfZF0qKDMEH2cim","Picture To Burn",NA,2,"track","spotify:track:4BYejINgfZF0qKDMEH2cim","Taylor Swift","G","major","G major"
"1180","Taylor Swift","06HL4z0CvFAxyc27GXpf02","5eyZZoQEFQWRHkV2xgAeBw","album","2006-10-24",2006,0.621,0.417,10,-6.941,1,0.0231,0.288,0,0.119,0.289,99.953,"2TF4UtYreqNbQ6Z9AccldU","https://api.spotify.com/v1/audio-analysis/2TF4UtYreqNbQ6Z9AccldU",4,1,203040,FALSE,"https://api.spotify.com/v1/tracks/2TF4UtYreqNbQ6Z9AccldU","Teardrops On My Guitar - Radio Single Remix",NA,3,"track","spotify:track:2TF4UtYreqNbQ6Z9AccldU","Taylor Swift","A#","major","A# major"
"1181","Taylor Swift","06HL4z0CvFAxyc27GXpf02","5eyZZoQEFQWRHkV2xgAeBw","album","2006-10-24",2006,0.576,0.777,9,-2.881,1,0.0324,0.051,0,0.32,0.428,115.028,"1oR4MUBpyNrAViC8wPNpfm","https://api.spotify.com/v1/audio-analysis/1oR4MUBpyNrAViC8wPNpfm",4,1,199200,FALSE,"https://api.spotify.com/v1/tracks/1oR4MUBpyNrAViC8wPNpfm","A Place in this World",NA,4,"track","spotify:track:1oR4MUBpyNrAViC8wPNpfm","Taylor Swift","A","major","A major"
"1182","Taylor Swift","06HL4z0CvFAxyc27GXpf02","5eyZZoQEFQWRHkV2xgAeBw","album","2006-10-24",2006,0.418,0.482,5,-5.769,1,0.0266,0.217,0,0.123,0.261,175.558,"569sXXQ7t0jSdqHooi2yqs","https://api.spotify.com/v1/audio-analysis/569sXXQ7t0jSdqHooi2yqs",4,1,239013,FALSE,"https://api.spotify.com/v1/tracks/569sXXQ7t0jSdqHooi2yqs","Cold As You",NA,5,"track","spotify:track:569sXXQ7t0jSdqHooi2yqs","Taylor Swift","F","major","F major"
"1183","Taylor Swift","06HL4z0CvFAxyc27GXpf02","5eyZZoQEFQWRHkV2xgAeBw","album","2006-10-24",2006,0.589,0.805,5,-4.055,1,0.0293,0.00491,0,0.24,0.591,112.982,"5Tj2MqcFMf60CaGsKbM1aq","https://api.spotify.com/v1/audio-analysis/5Tj2MqcFMf60CaGsKbM1aq",4,1,207106,FALSE,"https://api.spotify.com/v1/tracks/5Tj2MqcFMf60CaGsKbM1aq","The Outside",NA,6,"track","spotify:track:5Tj2MqcFMf60CaGsKbM1aq","Taylor Swift","F","major","F major"
"1184","Taylor Swift","06HL4z0CvFAxyc27GXpf02","5eyZZoQEFQWRHkV2xgAeBw","album","2006-10-24",2006,0.479,0.578,2,-4.963,1,0.0294,0.525,0,0.0841,0.192,146.165,"2zzxwmoOBnXDT0KnJsoIWk","https://api.spotify.com/v1/audio-analysis/2zzxwmoOBnXDT0KnJsoIWk",4,1,248106,FALSE,"https://api.spotify.com/v1/tracks/2zzxwmoOBnXDT0KnJsoIWk","Tied Together with a Smile",NA,7,"track","spotify:track:2zzxwmoOBnXDT0KnJsoIWk","Taylor Swift","D","major","D major"
"1185","Taylor Swift","06HL4z0CvFAxyc27GXpf02","5eyZZoQEFQWRHkV2xgAeBw","album","2006-10-24",2006,0.594,0.629,8,-4.919,1,0.0246,0.0868,0,0.137,0.504,131.597,"41sjzdjScVwnxnxADElts6","https://api.spotify.com/v1/audio-analysis/41sjzdjScVwnxnxADElts6",4,1,236053,FALSE,"https://api.spotify.com/v1/tracks/41sjzdjScVwnxnxADElts6","Stay Beautiful",NA,8,"track","spotify:track:41sjzdjScVwnxnxADElts6","Taylor Swift","G#","major","G# major"
"1186","Taylor Swift","06HL4z0CvFAxyc27GXpf02","5eyZZoQEFQWRHkV2xgAeBw","album","2006-10-24",2006,0.476,0.777,4,-3.771,0,0.0289,0.0103,0,0.196,0.472,167.964,"6CdaXOq1MWe2JHDalTG01d","https://api.spotify.com/v1/audio-analysis/6CdaXOq1MWe2JHDalTG01d",4,1,242200,FALSE,"https://api.spotify.com/v1/tracks/6CdaXOq1MWe2JHDalTG01d","Should've Said No",NA,9,"track","spotify:track:6CdaXOq1MWe2JHDalTG01d","Taylor Swift","E","minor","E minor"
"1187","Taylor Swift","06HL4z0CvFAxyc27GXpf02","5eyZZoQEFQWRHkV2xgAeBw","album","2006-10-24",2006,0.403,0.627,2,-5.28,1,0.0292,0.0177,0,0.182,0.374,74.9,"2O8sogKJCfVZ4rotBv1vVF","https://api.spotify.com/v1/audio-analysis/2O8sogKJCfVZ4rotBv1vVF",4,1,213080,FALSE,"https://api.spotify.com/v1/tracks/2O8sogKJCfVZ4rotBv1vVF","Mary's Song (Oh My My My)",NA,10,"track","spotify:track:2O8sogKJCfVZ4rotBv1vVF","Taylor Swift","D","major","D major"
"1188","Taylor Swift","06HL4z0CvFAxyc27GXpf02","5eyZZoQEFQWRHkV2xgAeBw","album","2006-10-24",2006,0.668,0.672,2,-4.931,1,0.0303,0.111,0,0.329,0.539,89.011,"1j6gmK6u4WNI33lMZ8dC1s","https://api.spotify.com/v1/audio-analysis/1j6gmK6u4WNI33lMZ8dC1s",4,1,201106,FALSE,"https://api.spotify.com/v1/tracks/1j6gmK6u4WNI33lMZ8dC1s","Our Song",NA,11,"track","spotify:track:1j6gmK6u4WNI33lMZ8dC1s","Taylor Swift","D","major","D major"
"1189","Taylor Swift","06HL4z0CvFAxyc27GXpf02","5eyZZoQEFQWRHkV2xgAeBw","album","2006-10-24",2006,0.563,0.934,8,-3.629,1,0.0646,0.00452,0.000807,0.103,0.518,143.964,"7CzxXgQXurKZCyHz9ufbo1","https://api.spotify.com/v1/audio-analysis/7CzxXgQXurKZCyHz9ufbo1",4,1,213053,FALSE,"https://api.spotify.com/v1/tracks/7CzxXgQXurKZCyHz9ufbo1","I'm Only Me When I'm With You",NA,12,"track","spotify:track:7CzxXgQXurKZCyHz9ufbo1","Taylor Swift","G#","major","G# major"
"1190","Taylor Swift","06HL4z0CvFAxyc27GXpf02","5eyZZoQEFQWRHkV2xgAeBw","album","2006-10-24",2006,0.612,0.394,7,-5.723,1,0.0243,0.637,0,0.147,0.233,96.001,"1k3PzDNjg38cWqOvL4M9vq","https://api.spotify.com/v1/audio-analysis/1k3PzDNjg38cWqOvL4M9vq",4,1,203226,FALSE,"https://api.spotify.com/v1/tracks/1k3PzDNjg38cWqOvL4M9vq","Invisible",NA,13,"track","spotify:track:1k3PzDNjg38cWqOvL4M9vq","Taylor Swift","G","major","G major"
"1191","Taylor Swift","06HL4z0CvFAxyc27GXpf02","5eyZZoQEFQWRHkV2xgAeBw","album","2006-10-24",2006,0.483,0.751,4,-5.726,1,0.0365,0.00349,0,0.128,0.268,156.092,"0YgHuReCSPwTXYny7isLja","https://api.spotify.com/v1/audio-analysis/0YgHuReCSPwTXYny7isLja",4,1,220146,FALSE,"https://api.spotify.com/v1/tracks/0YgHuReCSPwTXYny7isLja","A Perfectly Good Heart",NA,14,"track","spotify:track:0YgHuReCSPwTXYny7isLja","Taylor Swift","E","major","E major"
"1192","Taylor Swift","06HL4z0CvFAxyc27GXpf02","5eyZZoQEFQWRHkV2xgAeBw","album","2006-10-24",2006,0.459,0.753,10,-3.827,1,0.0537,0.0402,0,0.0863,0.483,199.997,"1hxLyjC9D9Jpw6EAPKqWv4","https://api.spotify.com/v1/audio-analysis/1hxLyjC9D9Jpw6EAPKqWv4",4,1,179066,FALSE,"https://api.spotify.com/v1/tracks/1hxLyjC9D9Jpw6EAPKqWv4","Teardrops on My Guitar - Pop Version",NA,15,"track","spotify:track:1hxLyjC9D9Jpw6EAPKqWv4","Taylor Swift","A#","major","A# major"
"1193","Taylor Swift","06HL4z0CvFAxyc27GXpf02","7mzrIsaAjnXihW3InKjlC3","album","2006-10-24",2006,0.58,0.491,0,-6.462,1,0.0251,0.575,0,0.121,0.425,76.009,"0Om9WAB5RS09L80DyOfTNa","https://api.spotify.com/v1/audio-analysis/0Om9WAB5RS09L80DyOfTNa",4,1,232106,FALSE,"https://api.spotify.com/v1/tracks/0Om9WAB5RS09L80DyOfTNa","Tim McGraw",NA,1,"track","spotify:track:0Om9WAB5RS09L80DyOfTNa","Taylor Swift","C","major","C major"
"1194","Taylor Swift","06HL4z0CvFAxyc27GXpf02","7mzrIsaAjnXihW3InKjlC3","album","2006-10-24",2006,0.658,0.877,7,-2.098,1,0.0323,0.173,0,0.0962,0.821,105.586,"32mVHdy0bi1XKgr0ajsBlG","https://api.spotify.com/v1/audio-analysis/32mVHdy0bi1XKgr0ajsBlG",4,1,173066,FALSE,"https://api.spotify.com/v1/tracks/32mVHdy0bi1XKgr0ajsBlG","Picture To Burn",NA,2,"track","spotify:track:32mVHdy0bi1XKgr0ajsBlG","Taylor Swift","G","major","G major"
"1195","Taylor Swift","06HL4z0CvFAxyc27GXpf02","7mzrIsaAjnXihW3InKjlC3","album","2006-10-24",2006,0.621,0.417,10,-6.941,1,0.0231,0.288,0,0.119,0.289,99.953,"7zMcNqs55Mxer82bvZFkpg","https://api.spotify.com/v1/audio-analysis/7zMcNqs55Mxer82bvZFkpg",4,1,203040,FALSE,"https://api.spotify.com/v1/tracks/7zMcNqs55Mxer82bvZFkpg","Teardrops On My Guitar - Radio Single Remix",NA,3,"track","spotify:track:7zMcNqs55Mxer82bvZFkpg","Taylor Swift","A#","major","A# major"
"1196","Taylor Swift","06HL4z0CvFAxyc27GXpf02","7mzrIsaAjnXihW3InKjlC3","album","2006-10-24",2006,0.576,0.777,9,-2.881,1,0.0324,0.051,0,0.32,0.428,115.028,"73OX8GdpOeGzKC6OvGSbsv","https://api.spotify.com/v1/audio-analysis/73OX8GdpOeGzKC6OvGSbsv",4,1,199200,FALSE,"https://api.spotify.com/v1/tracks/73OX8GdpOeGzKC6OvGSbsv","A Place in this World",NA,4,"track","spotify:track:73OX8GdpOeGzKC6OvGSbsv","Taylor Swift","A","major","A major"
"1197","Taylor Swift","06HL4z0CvFAxyc27GXpf02","7mzrIsaAjnXihW3InKjlC3","album","2006-10-24",2006,0.418,0.482,5,-5.769,1,0.0266,0.217,0,0.123,0.261,175.558,"7an1exwMnfYRcdVQm0yDev","https://api.spotify.com/v1/audio-analysis/7an1exwMnfYRcdVQm0yDev",4,1,239013,FALSE,"https://api.spotify.com/v1/tracks/7an1exwMnfYRcdVQm0yDev","Cold As You",NA,5,"track","spotify:track:7an1exwMnfYRcdVQm0yDev","Taylor Swift","F","major","F major"
"1198","Taylor Swift","06HL4z0CvFAxyc27GXpf02","7mzrIsaAjnXihW3InKjlC3","album","2006-10-24",2006,0.589,0.805,5,-4.055,1,0.0293,0.00491,0,0.24,0.591,112.982,"2QA3IixpRcKyOdG7XDzRgv","https://api.spotify.com/v1/audio-analysis/2QA3IixpRcKyOdG7XDzRgv",4,1,207106,FALSE,"https://api.spotify.com/v1/tracks/2QA3IixpRcKyOdG7XDzRgv","The Outside",NA,6,"track","spotify:track:2QA3IixpRcKyOdG7XDzRgv","Taylor Swift","F","major","F major"
"1199","Taylor Swift","06HL4z0CvFAxyc27GXpf02","7mzrIsaAjnXihW3InKjlC3","album","2006-10-24",2006,0.479,0.578,2,-4.963,1,0.0294,0.525,0,0.0841,0.192,146.165,"6K0CJLVXqbGMeJSmJ4ENKK","https://api.spotify.com/v1/audio-analysis/6K0CJLVXqbGMeJSmJ4ENKK",4,1,248106,FALSE,"https://api.spotify.com/v1/tracks/6K0CJLVXqbGMeJSmJ4ENKK","Tied Together with a Smile",NA,7,"track","spotify:track:6K0CJLVXqbGMeJSmJ4ENKK","Taylor Swift","D","major","D major"
"1200","Taylor Swift","06HL4z0CvFAxyc27GXpf02","7mzrIsaAjnXihW3InKjlC3","album","2006-10-24",2006,0.594,0.629,8,-4.919,1,0.0246,0.0868,0,0.137,0.504,131.597,"2ZoOmCSgj0ypVAmGd1ve4y","https://api.spotify.com/v1/audio-analysis/2ZoOmCSgj0ypVAmGd1ve4y",4,1,236053,FALSE,"https://api.spotify.com/v1/tracks/2ZoOmCSgj0ypVAmGd1ve4y","Stay Beautiful",NA,8,"track","spotify:track:2ZoOmCSgj0ypVAmGd1ve4y","Taylor Swift","G#","major","G# major"
"1201","Taylor Swift","06HL4z0CvFAxyc27GXpf02","7mzrIsaAjnXihW3InKjlC3","album","2006-10-24",2006,0.476,0.777,4,-3.771,0,0.0289,0.0103,0,0.196,0.472,167.964,"16MVSD0mGI4RMQT83Qzm69","https://api.spotify.com/v1/audio-analysis/16MVSD0mGI4RMQT83Qzm69",4,1,242200,FALSE,"https://api.spotify.com/v1/tracks/16MVSD0mGI4RMQT83Qzm69","Should've Said No",NA,9,"track","spotify:track:16MVSD0mGI4RMQT83Qzm69","Taylor Swift","E","minor","E minor"
"1202","Taylor Swift","06HL4z0CvFAxyc27GXpf02","7mzrIsaAjnXihW3InKjlC3","album","2006-10-24",2006,0.403,0.627,2,-5.28,1,0.0292,0.0177,0,0.182,0.374,74.9,"2QrQCMel6v2JiLxqrg4p2O","https://api.spotify.com/v1/audio-analysis/2QrQCMel6v2JiLxqrg4p2O",4,1,213080,FALSE,"https://api.spotify.com/v1/tracks/2QrQCMel6v2JiLxqrg4p2O","Mary's Song (Oh My My My)",NA,10,"track","spotify:track:2QrQCMel6v2JiLxqrg4p2O","Taylor Swift","D","major","D major"
"1203","Taylor Swift","06HL4z0CvFAxyc27GXpf02","7mzrIsaAjnXihW3InKjlC3","album","2006-10-24",2006,0.668,0.672,2,-4.931,1,0.0303,0.111,0,0.329,0.539,89.011,"15DeqWWQB4dcEWzJg15VrN","https://api.spotify.com/v1/audio-analysis/15DeqWWQB4dcEWzJg15VrN",4,1,201106,FALSE,"https://api.spotify.com/v1/tracks/15DeqWWQB4dcEWzJg15VrN","Our Song",NA,11,"track","spotify:track:15DeqWWQB4dcEWzJg15VrN","Taylor Swift","D","major","D major"
"1204","Taylor Swift","06HL4z0CvFAxyc27GXpf02","7mzrIsaAjnXihW3InKjlC3","album","2006-10-24",2006,0.563,0.934,8,-3.629,1,0.0646,0.00452,0.000807,0.103,0.518,143.964,"0JIdBrXGSJXS72zjF9ss9u","https://api.spotify.com/v1/audio-analysis/0JIdBrXGSJXS72zjF9ss9u",4,1,213053,FALSE,"https://api.spotify.com/v1/tracks/0JIdBrXGSJXS72zjF9ss9u","I'm Only Me When I'm With You",NA,12,"track","spotify:track:0JIdBrXGSJXS72zjF9ss9u","Taylor Swift","G#","major","G# major"
"1205","Taylor Swift","06HL4z0CvFAxyc27GXpf02","7mzrIsaAjnXihW3InKjlC3","album","2006-10-24",2006,0.612,0.394,7,-5.723,1,0.0243,0.637,0,0.147,0.233,96.001,"5OOd01o2YS1QFwdpVLds3r","https://api.spotify.com/v1/audio-analysis/5OOd01o2YS1QFwdpVLds3r",4,1,203226,FALSE,"https://api.spotify.com/v1/tracks/5OOd01o2YS1QFwdpVLds3r","Invisible",NA,13,"track","spotify:track:5OOd01o2YS1QFwdpVLds3r","Taylor Swift","G","major","G major"
"1206","Taylor Swift","06HL4z0CvFAxyc27GXpf02","7mzrIsaAjnXihW3InKjlC3","album","2006-10-24",2006,0.483,0.751,4,-5.726,1,0.0365,0.00349,0,0.128,0.268,156.092,"1spLfUJxtyVyiKKTegQ2r4","https://api.spotify.com/v1/audio-analysis/1spLfUJxtyVyiKKTegQ2r4",4,1,220146,FALSE,"https://api.spotify.com/v1/tracks/1spLfUJxtyVyiKKTegQ2r4","A Perfectly Good Heart",NA,14,"track","spotify:track:1spLfUJxtyVyiKKTegQ2r4","Taylor Swift","E","major","E major"
"1207","Taylor Swift","06HL4z0CvFAxyc27GXpf02","7mzrIsaAjnXihW3InKjlC3","album","2006-10-24",2006,0.459,0.753,10,-3.827,1,0.0537,0.0402,0,0.0863,0.483,199.997,"4pJi1rVt9GNegU9kywjg4z","https://api.spotify.com/v1/audio-analysis/4pJi1rVt9GNegU9kywjg4z",4,1,179066,FALSE,"https://api.spotify.com/v1/tracks/4pJi1rVt9GNegU9kywjg4z","Teardrops on My Guitar - Pop Version",NA,15,"track","spotify:track:4pJi1rVt9GNegU9kywjg4z","Taylor Swift","A#","major","A# major"
